OPCIÓN B,ADAM GRANT,-9788416883158
UN CURSO DE MILAGROS (FÁCIL),ALAN COHEN,-9788499449869
MÁS ALLÁ DE TU MENTE,ALAN WATTS,-9788491114864
LA SABIDURÍA DE LA INSEGURIDAD,ALAN WATTS,-9788411210034
ESTABA PREPARADO PARA TODO MENOS PARA TI,ALBERT ESPINOSA,-9788425360510
EL MUNDO AMARILLO,ALBERT ESPINOSA,-9788425344466
LOS SECRETOS QUE JAMÁS TE CONTARON,ALBERT ESPINOSA,-9788425355431
21 DUELOS CONVERSACIONES SOBRE EL DOLOR,ALBERTO SIMONCINI,-9788412513110
LOS ACUERDOS DEL ALMA,ALBERTO VILLOLDO,-9788417399238
EL ARTE DE CONOCERTE,ALEJANDRA LLAMAS,-9786073108560
LA MAGIA DEL PNL,ALEJANDRO CUELLAR,-9788441431874
DONDE MEJOR CANTA UN PÁJARO,ALEJANDRO JODOROWSKY,-9788416465354
WORKBOOK ON THE SILENT PATIENT BY ALEX MICHAELIDES (FUN FACTS & TRIVIA TIDBITS),ALEX MICHAELIDES,-9791221337884
"NUNCA ES EL FINAL. VIDAS PASADAS, DESTINO PRESENTE",ALEX RACO,-9788417399689
LA BRÚJULA INTERIOR,ALEX ROVIRA,-9788417622947
DIÁLOGOS ENTRE MENTE Y CORAZÓN,ALICIA SANCHEZ MONTALBAN,-9788490769751
SANA TU VIDA DESDE DENTRO,ALICIA SANCHEZ PEREZ,-9788408243670
LA AFECTIVIDAD. ESLABÓN PERDIDO DE LA EDUCACIÓN,ALVARO SIERRA,-9788431325480
A MUERTE CON LA V.I.D.A.,ANA ALBIOL,-9788467066531
V.I.D.A. DE UN CULO INQUIETO,ANA ALBIOL,-9788467063257
VIDAS EN POSITIVO,ANA ASENSIO,-9788413142500
ASI SE NOS COMPLICA LA VIDA,ANA MARTOS,-9788412540420
ES HORA DE VIVIR,ANDREAS MORITZ,-9788491110019
"ESCUCHA EL SUSURRO, VIVE TUS SUEÑOS",ANDREAS MORITZ,-9788491110101
SABIDURÍA INTEMPORAL,ANDREAS MORITZ,-9788491110095
RASGAR EL VELO DE LA DUALIDAD,ANDREAS MORITZ,-9788491110026
MINDFULNESS. ATENCIÓN PLENA,ANDY PUDDICOMBE,-9788441431010
LA SENSIBILIDAD ES LA NUEVA FUERZA (E-BOOK),ANITA MOORJANI,-9788484459606
LA VIDA EMPIEZA CADA DÍA,ANNE IGARTIBURU,-9788403523685
CONTROLE SU DESTINO,ANTHONY ROBBINS,-9788466349215
PODER SIN LÍMITES,ANTHONY ROBBINS,-9788466349222
LA FELICIDAD PERSONAL,ANTONI BOLINCHES SANCHEZ,-9788499894546
GENERACIÓN SILVER,ANTONIO LLUCH PEREZ,-9788418578625
¡LA ADOLESCENCIA SE TERMINA!,ANTONIO RIOS,-9788418927775
REMEDIOS NATURALES. LAS 100 MEJORES PLANTAS MEDICINALES PARA TU SALUD,ANTONIO VEGA,-9878494181122
PURA VIDA,ARIADNE ARTILES,-9788427048027
ROBA COMO UN ARTISTA,AUSTIN KLEON,-9786071122704
CAMBIAR DE MENTALIDAD,BARBARA OAKLEY,-9788491113867
GENTE TÓXICA,BERNARDO STAMATEAS,-9788466650625
CALMA EMOCIONAL,BERNARDO STAMATEAS,-9789501506150
ENCUENTRA TU IKIGAI,BETTINA LEMKE,-9788417180089
HÁBITOS MÍNIMOS,BJ FOGG,-9788418480041
REINVENTARSE ANTE LA ADVERSIDAD,BLANCA DE LA CRUZ,-9788413441658
EL GRAN LIBRO DE LOS CHAKRAS,BODO J. BAGINSKI,-9788441441378
MORIRSE DE VERGÜENZA,BORIS CYRULNIK,-9788499921372
TÚ ERES LO ÚNICO QUE FALTA EN TU VIDA. LIBÉRATE DEL EGO A TRAVÉS DEL ENEAGRAMA,BORJA VILASECA,-9788418620713
EL PODER DE SER VULNERABLE,BRENE BROWN,-9788416715060
"SI LO CREES, LO CREAS",BRIAN TRACY,-9786073171175
"RESUMEN DEL LIBRO ""¡BESE ESE SAPO! | EL ANTÍDOTO CONTRA LOS PENSAMIENTOS NEGATIVOS"" DE BRIAN TRACY",BRIAN TRACY,-9788418959288
A TRAVÉS DEL TIEMPO,BRIAN WEISS,-9788466645829
"MUCHOS CUERPOS, UNA MISMA ALMA",BRIAN WEISS,-9788466645904
"MUCHAS VIDAS, MUCHOS MAESTROS",BRIAN WEISS,-9788466645843
LOS CINCO MANDAMIENTOS PARA TENER UNA VIDA PLENA,BRONNIE WARE,-9788490324400
HASTA LOS COJONES DEL PENSAMIENTO POSITIVO,BUENAVENTURA DEL CHARCO OLEA,-9788427050945
UNA MENTE EN PAZ CONSIGO MISMA,BYRON KATIE,-9788417180461
RESUMEN EXTENDIDO DE ENFOCATE: TRABAJO PROFUNDO (DEEP WORK) - BASADO EN EL LIBRO DE CAL NEWPORT,CAL NEWPORT,-9783966619813
BULLSHIT: CONTRA LA CHARLATANERÍA,CARL T. BERGSTROM,-9788412390360
MINDSET,CAROL S. DWECK,-9788417030490
LA MEDICINA DE LA ENERGÍA,CAROLINE MYSS,-9788413140469
KINTSUGI,CELINE SANTINI,-9788448025472
EL PODER DE LOS HÁBITOS,CHARLES DUHIGG,-9788417664145
SALVAJE,CHERYL STRAYED,-9788499185965
"EMOCIONES EXPRESADAS, EMOCIONES SUPERADAS",CIARA MOLINA,-9788408171263
AUTOAYUDA PARA TUS NERVIOS,CLAIRE WEEKES,-9788441440920
TIME MINDFULNESS,CRISTINA BENITO,-9788417752583
EL PODER DE CONFIAR EN TI,CURRO CAÑETE,-9788408207603
NO TENGAS MIEDO A NADA,CURRO CAÑETE,-9788408252566
CÓMO GANAR AMIGOS E INFLUIR SOBRE LAS PERSONAS,DALE CARNEGIE,-9788494578458
FOCUS,DANIEL GOLEMAN,-9788499883175
"ESTRÉS, SUFRIMIENTO Y FELICIDAD",DANIEL LOPEZ ROSETTI,-9789504976523
"SE HIZO, SE HACE Y SE HARÁ",DANIEL SILVA,-9788491151548
SOBRE EL DUELO Y EL DOLOR,DAVID KESSLER,-9788416694853
EL PODER FRENTE A LA FUERZA,DAVID R. HAWKINS,-9788494279690
DISOLVER EL EGO,DAVID R. HAWKINS,-9788412136777
DEJAR IR. EL CAMINO A LA LIBERACIÓN,DAVID R. HAWKINS,-9788494248252
AUTOCURA,DAVID R. HAWKINS,-9789895700578
"CUERPOS SIN EDAD, MENTES SIN TIEMPO",DEEPAK CHOPRA,-9788416076758
CUERPO CONSCIENTE,DENIS CRIADO,-9788499889023
MANUAL DE AMOR: SENTIMIENTOS VERSUS EMOCIONES,DIANA RICHARDSON,-9788417780845
VIVIENDO LA VIDA ON FIRE,DIANINA XL,-9788448025816
LOS CÓDIGOS ENERGÉTICOS (E-BOOK),DRA. SUE MORTER,-9788484458340
LA PRUEBA DEL CIELO,EBEN ALEXANDER,-9788408115021
THINK PUNK,ECEQUIEL BARRICART,-9788417312374
EN AUSCHWITZ NO HABÍA PROZAC,EDITH EGER,-9788408233985
MEDITAR SE ME DA FATAL,EDUARDO JAUREGUI,-9788418480898
EL DON DE LA SENSIBILIDAD,ELAINE N. ARON,-9788491115984
LA RUEDA DE LA VIDA,ELISABETH KUBLER ROSS,-9788466645836
EL CAMINO AL ÉXTASIS,ELMA ROURA,-9788418223020
EL LIBRO DE LAS PEQUEÑAS REVOLUCIONES,ELSA PUNSET,-9788423350810
EL LIBRO DE LOS MOMENTOS FELICES,ELSA PUNSET,-9788423353088
EL ARTE DE CULTIVAR UNA VIDA CON SENTIDO,EMILY E. SMITH,-9788416990528
BIONEUROEMOCIÓN,ENRIC CORBERA,-9788494738838
EL HOMBRE LIGHT,ENRIQUE ROJAS,-9788499981987
LA CONQUISTA DE LA VOLUNTAD,ENRIQUE ROJAS,-9788484609117
LA MEDICINA DEL ALMA,ERIC ROLF,-9788408147213
LOS REGISTROS AKÁSHICOS,ERNESTO ORTIZ,-9788491119449
PIDE Y SE TE DARÁ,ESTHER HICKS,-9788499443393
THE LITTLE GREAT BOOK ABOUT HAPPINESS,FELICIDAD CRISTOBAL,-9788411311564
LA BONA SORT,FERNANDO TRIAS DE BES,-9788417423476
EL PEQUEÑO LIBRO DE LA ANSIEDAD,FERRAN CASES,-9788418118203
NAMASTÉ,FRANCESC MIRALLES,-9788419251220
EL MÉTODO IKIGAI,FRANCESC MIRALLES,-9788403518223
EL CASTILLO DE LOS 9 ESPEJOS,FRANCESC MIRALLES,-9788491115854
LAS CINCO INVITACIONES,FRANK OSTASESKI,-9786075273099
THE MYTH OF NORMAL,GABOR MATE,-9781473571075
LA ABUELA QUE CRUZÓ EL MUNDO EN UNA BICICLETA,GABRI RODENAS,-9788417312404
CONVIÉRTETE EN SUPERATRACTOR,GABRIELLE BERNSTEIN,-9788412136760
EL UNIVERSO TE CUBRE LAS ESPALDAS,GABRIELLE BERNSTEIN,-9788494531781
PRACTICA LA INTELIGENCIA EMOCIONAL,GILL HASSON,-9788417981112
EL FIN DE LA ANSIEDAD,GIO ZARARRI,-9788417664558
EL ARTE DE CUIDARTE,GIO ZARARRI,-9788418045172
¿UN NUEVO PARADIGMA DE LA REALIDAD?,GONZALO RODRIGUEZ FRAILE,-9788460827887
RESILIENCIA,GRACIELA CHIALE,-9788412139679
LA VIDA EMPIEZA A LOS 40,GREGORY CAJINA HEINZKILL,-9788467052749
LUCHA,HAZEL GALE,-9788418417955
ICHIGO-ICHIE,HECTOR GARCIA,-9788403519848
"TÚ GANAS, YO GANO (E-BOOK)",HELENA CORNELIUS,-9788484459156
ATRÉVETE A NO GUSTAR,ICHIRO KISHIMI,-9788408188179
MIRAR AL SOL,IRVIN D. YALOM,-9788423360307
"ME DESCONECTO, LUEGO EXISTO",ISIDRO CATELA MARCOS,-9788490558744
VIVIR SIN MI HIJA,ISOLA,-9788419429902
EL MEJOR MOMENTO ES AHORA,JACK KORNFIELD,-9788416990672
LA LOCURA COMO SUPERPODER,JARA AITHANY PEREZ LOPEZ,-9788448025366
LA VIDA TE ESTÁ ESPERANDO,JAVIER IRIONDO NARVAIZA,-9788408216353
LENGUAJE CORPORAL,JAVIER VILLAHIZAN PEREZ,-9788466241717
LOS PERVERSOS NARCISISTAS,JEAN CHARLES BOUCHOUX,-9788416601486
NUNCA RENUNCIES A SER FELIZ,JOAN GALLARDO LLODRA,-9788425360800
EL PLACEBO ERES TÚ- EPUB,JOE DISPENZA,-9788499449319
TÚ PUEDES SUPERAR LA DEPRESIÓN,JOHN PRESTON,-9788491110798
VIVIR CON PLENITUD LAS CRISIS,JON KABAT ZINN,-9788499885094
MINDFULNESS EN LA VIDA COTIDIANA,JON KABAT ZINN,-9788449333651
EL PARAÍSO INTERIOR,JORDI NADAL,-9788416429509
CUENTOS PARA PENSAR,JORGE BUCAY,-9788466353847
EL CAMINO DE LAS LÁGRIMAS,JORGE BUCAY,-9788425346873
CÓMO VIVIR DE LAS RENTAS,JOSAN JARQUE,-9788427047914
MI AMIGA LA SERPIENTE,JOSE RUIZ,-9788499448756
EL LENGUAJE DEL ALMA (E-BOOK),JOSEP SOLER,-9788484457619
EL ENTRENADOR MENTAL,JUAN CARLOS ALVAREZ CAMPILLO,-9788417057190
CÓMO GESTIONAR TU IRA. APRENDE A CONTROLAR LA FURIA EMOCIONAL,JUANJO RAMOS,-9783987622618
EL EVOLUCIONARIO EMERGENTE,JUSTO VALLS PUEYO,-9788494007484
LA MAGIA DEL SILENCIO,KANKYO TANNIER,-9788408177807
EL LIBRO DE LOS CELOS,KATHY LABRIOLA,-9788418403033
AUTOCONTROL,KELLY MCGONIGAL,-9788499442686
EL ELEMENTO (PRÓLOGO DE EDUARD PUNSET),KEN ROBINSON,-9788415431381
VIAJE A TRAVÉS DEL LIBRO DE EJERCICIOS DE UN CURSO DE MILAGROS. VOLUMEN,KENNETH WAPNICK,-9788412249835
SANAR EL CORAZÓN (E-BOOK),KETAN RAVENTOS KLEIN,-9788484459385
DE LA CODEPENDENCIA A LA LIBERTAD. CARA A CARA CON EL MIEDO,KRISHNANANDA,-9788484457947
EL ÉXITO NO LLEGA POR CASUALIDAD,LAIR RIBEIRO,-9788417545314
AUTOAMOR,LAURA CHICA,-9788403522336
"GRACIAS, VIDA",LUCIA BE,-9788419466020
ERES UNA MADRE MARAVILLOSA,LUCIA GALAN BERTRAND,-9788408168423
LA VIDA VA DE ESTO,LUCIA GALAN BERTRAND,-9788408255383
OPTIMISMO Y SALUD,LUIS ROJAS MARCOS,-9788425359637
FUERA DE SERIE,MALCOLM GLADWELL,-9788430615513
TU PROPÓSITO DE VIDA ERES TÚ,MANUEL MARQUEZ,-9788418620317
PRIMERO LA ACTITUD,MANUEL RIOS,-9788835387107
LA REVOLUCIÓN DE LOS 22 DÍAS,MARCO BORGES,-9786073147170
MINDFULNESS Y EQUILIBRIO EMOCIONAL,MARGARET CULLEN,-9788418000683
MARIETA DE L'ULL VIU,MARIA XINXO,-9788418375408
LA MAGIA DEL ORDEN,MARIE KONDO,-9786073136525
LA FELICIDAD EN EL TRABAJO,MARIE KONDO,-9788403521513
LA FELICIDAD DESPUÉS DEL ORDEN (LA MAGIA DEL ORDEN 2),MARIE KONDO,-9788403516014
VIVIR ES UN ASUNTO URGENTE,MARIO ALONSO PUIG,-9788403005297
EL COCIENTE AGALLAS,MARIO ALONSO PUIG,-9788467040074
AHORA YO,MARIO ALONSO PUIG,-9788415577751
REINVENTARSE,MARIO ALONSO PUIG,-9788415577744
"TUS TRES SUPERPODERES PARA LOGRAR UNA VIDA MÁS SANA, PRÓSPERA Y FELIZ",MARIO ALONSO PUIG,-9788467055733
EL SORPRENDENTE PROPÓSITO DE LA RABIA,MARSHALL B. ROSENBERG,-9788415053750
LUZ DE LA TIERRA,MAUREEN GARTH,-9788408239765
MANUAL PARA PERSONAS CON ALTA SENSBILIDAD,MEL COLLINS,-9788491116998
RESUMEN EXTENDIDO DE LA REGLA DE LOS 5 SEGUNDOS (THE 5 SECOND RULE) - BASADO EN EL LIBRO DE MEL ROBBINS,MEL ROBBINS,-9783966610254
PALABRAS QUE CONSUELAN,MERCE CASTRO PUIG,-9788416429622
CON LUZ PROPIA. VENCER EN TIEMPOS DE INCERTIDUMBRE,MICHELLE OBAMA,-9788401029844
RENACER EN LOS ANDES (NP),MIGUEL ANGEL TOBIAS,-9788416694792
LA MAESTRÍA DEL AMOR,MIGUEL RUIZ,-9788499443331
ACOMPAÑAR EL CÁNCER,MIRIAM ALGUERO JOSA,-9788497355179
PIENSE Y HÁGASE RICO,NAPOLEON HILL,-9788491116240
PIENSE Y HÁGASE RICO,NAPOLEON HILL,-9788418620140
CONVERSACIONES CON DIOS I,NEALE DONALD WALSCH,-9786073158343
UN CORAZÓN SIN FRONTERAS,NICK VUJICIC,-9786071128294
SOLOSOFÍA,NIKA VAZQUEZ SEGUI,-9788411320924
YO NO VALGO MENOS,OLGA CASTANYER,-9788433033192
QUIERO APRENDER A QUERERME CON ASERTIVIDAD,OLGA CASTANYER,-9788433038401
SAL DE TU ZONA DE CONFORT,OSHO,-9788441439344
UNA SOLA SEMILLA HACE QUE LA TIERRA SEA MÁS VERDE,OSHO,-9788490194577
VIVE DE FORMA QUE TE DUELA MARCHARTE,PABLO ARRIBAS,-9788401027826
"CABEZA, CORAZÓN Y TRIPA",PABLO ARRIBAS,-9788416588497
BIOGRAFÍA DEL SILENCIO,PABLO D ORS,-9788417971809
CUENTA CONTIGO,PATRICIA RAMIREZ,-9788416029907
LA CABAÑA,PAUL YOUNG,-9786070719646
SÚPER SAPIENS,PEDRO VIVAR,-9788418820373
ENTRAMADOS DE CONCIENCIA,PEGGY PHOENIX DUBRO,-9788493950811
CUANDO TODO SE DERRUMBA,PEMA CHODRON,-9788411080194
CUANDO TODO SE DERRUMBA (E-BOOK),PEMA CHODRON,-9788484453789
APRENDER DE LOS CAMPEONES,PEP MARI,-9788415577249
THE TOOLS,PHIL STUTZ,-9781446491096
EL ARTE DE NO AMARGARSE LA VIDA (EDICIÓN ESPECIAL),RAFAEL SANTANDREU,-9788425360497
LAS GAFAS DE LA FELICIDAD (EDICIÓN 5º ANIVERSARIO),RAFAEL SANTANDREU,-9788425358241
NADA ES TAN TERRIBLE,RAFAEL SANTANDREU,-9788425356513
SENSE POR,RAFAEL SANTANDREU,-9788418062117
NADA ES TAN TERRIBLE (EDICIÓN ESPECIAL),RAFAEL SANTANDREU,-9788425360657
SIN MIEDO (EDICIÓN ESPECIAL ILUSTRADA),RAFAEL SANTANDREU,-9788425363221
LAS GAFAS DE LA FELICIDAD,RAFAEL SANTANDREU,-9788425352256
"NO SON PERFECTAS, SON FELICES",RAIMON GAJA,-9788499890579
QUIÉRETE MUCHO,RAIMON GAJA JAUMEANDREU,-9788499897714
LA CIENCIA DEL AMOR,RAMIRO A. CALLE,-9788417248895
LA LLAVE DE LA PAZ INTERIOR,RAMIRO CALLE,-9788427036956
SÍ PUEDES,RAMIRO CALLE,-9788496642997
"EL SECRETO DEL AMOR, LA SALUD Y EL DINERO",RHONDA BYRNE,-9788419251930
AYUDAR A LA GENTE A CAMBIAR,RICHARD BOYATZIS,-9788429195651
NO TE AHOGUES EN UN VASO DE AGUA,RICHARD CARLSON,-9788466342506
VIOLENCIA,RICHARD J. BERNSTEIN,-9788497848138
INFLUENCIA. LA PSICOLOGÍA DE LA PERSUASIÓN,ROBERT B. CIALDINI,-9788491397380
EL PLAN DE TU ALMA,ROBERT SCHWARTZ,-9788417030025
TU MEJOR VERSIÓN,ROBERTO SANCHEZ,-9788418620898
LAS MUJERES QUE AMAN DEMASIADO,ROBIN NORWOOD,-9788415389316
EL MONJE QUE VENDIÓ SU FERRARI,ROBIN SHARMA,-9788425345388
TRIUNFO,ROBIN SHARMA,-9788499897929
DESCUBRE TU DESTINO CON EL MONJE QUE VENDIÓ SU FERRARI,ROBIN SHARMA,-9788425345326
EL MÉTODO BULLET JOURNAL,RYDER CARROLL,-9788408196853
KARMA (E-BOOK),SADHGURU,-9788484459873
QUERIDA MÍA,SANDRA FERRER,-9788403523197
TU COACH DE LA CONFIANZA,SARAH JANE ARNOLD,-9786077479215
AMORES QUE VIENEN DE VIDAS PASADAS,SARITA SAMMARTINO,-9788417312589
IKIGAI,SELENE CALLONI WILLIAMS,-9788491117063
UNA PSICOLOGÍA REAL,SERGI RUFI,-9788448027544
LA BIOLOGÍA DEL PRESENTE,SERGI TORRES,-9788418118081
¿ME ACOMPAÑAS?,SERGI TORRES,-9788416715954
DEJA DE PREOCUPARTE,SHUNMYO MASUNO,-9788419251688
TODO UN VIAJE,SILVIA ABASCAL,-9788499983103
¿POR QUÉ NO SOY FELIZ? VIVE Y DISFRUTA SIN COMPLICARTE LA VIDA,SILVIA ALAVA,-9788491397373
"SI DUELE, NO ES AMOR",SILVIA CONGOST,-9788408167129
A SOLAS,SILVIA CONGOST,-9788408217497
CUANDO AMAR DEMASIADO ES DEPENDER,SILVIA CONGOST,-9788408138518
DEJA DE ROMPER...¡LOS ESPEJOS!,SILVIA FREIRE,-9789507881992
CONECTADOS PARA EL AMOR,STAN TATKIN,-9786073127950
EL LABORATORIO DEL ALMA,STELLA MARIS MARUSO,-9789875808843
LA PARADOJA DEL CHIMPANCÉ,STEVE PETERS,-9788499446134
"AUNQUE TENGA MIEDO, HÁGALO IGUAL",SUSAN JEFFERS,-9788499176000
JUEGOS MINDFULNESS (E-BOOK),SUSAN KAISER GREENLAND,-9788484457237
"VIVIR EN PAZ, MORIR EN PAZ",SUZANNE POWELL,-9788418000874
LOS SECRETOS DE LA MENTE MILLONARIA,T. HARV EKER,-9788478089321
"RENDIRSE, NUNCA",TAMARA GORRO,-9788427045637
RENASER,TANIA KARAM,-9786073186698
EL PRINCIPIO,TARA SWART,-9788408230847
LA NIÑA QUE TODO LO QUERÍA SABER. LA CURIOSIDAD: CLAVES PARA UNA VIDA MÁS INTELIGENTE Y FELIZ,TERESA VIEJO,-9788491397434
EL LARGO CAMINO LLEVA A LA ALEGRÍA,THICH NHAT HANH,-9788408258964
KINTSUKUROI,TOMAS NAVARRO,-9788408169666
WABI SABI,TOMAS NAVARRO,-9788408196846
DOLORES DEL ALMA,VALERIA SCHAPIRA,-9789507882005
ABRAZA A TU NIÑO INTERIOR,VICTORIA CADARSO,-9788499708287
EL JUEGO INTERIOR DEL TENIS,W. TIMOTHY GALLWEY,-9788478089222
"YA TE DIJE ADIÓS, AHORA CÓMO TE OLVIDO",WALTER RISO,-9788408168188
"PENSAR BIEN, SENTIRSE BIEN",WALTER RISO,-9788408080145
EL DERECHO A DECIR NO,WALTER RISO,-9788408080282
LA MEDITACIÓN Y EL ARTE DE DIBUJAR,WENDY ANN GREENHALGH,-9788417308735
APRENDER A MORIR PARA PODER VIVIR,XAVI ARGEMI BALLBE,-9788425360879
LA LEY DEL ESPEJO,YOSHINORI NOGUCHI,-9788418857256
SEO PARA WORDPRESS,JUANJO RAMOS, - cdlxi00337304  
PREVENCIÓN Y GESTIÓN DE RIESGOS,ACCID,-9788417942267
INNOVACIN Y BARBARIE,ALEJANDRO PISCITELLI,-9788491807315
LOS SIETE PODERES,ALEX ROVIRA,-9788417622763
LA EMPRESA INVENCIBLE,ALEXANDER OSTERWALDER,-9788418259043
"RESUMEN DEL LIBRO ""GENERACIÓN DE MODELOS DE NEGOCIO"" DE ALEXANDER OSTERWALDER",ALEXANDER OSTERWALDER,-9788418959028
CÓMO INNOVAR. MODELOS Y HERRAMIENTAS,ALFONS CORNELLA,-9788418464690
EJERCICIOS DE ECONOMÍA Y GESTIÓN EMPRESARIAL PARA ARQUITECTOS,ALICIA LLORCA PONCE,-9788483638859
LOS PRÓXIMOS 30 AÑOS...,ALVARO GONZALEZ ALORDA,-9788492414338
FUNDAMENTOS PARA LA GESTIÓN ESTRATÉGICA DE LOS RECURSOS HUMANOS,ALVARO LOPEZ CABRALES,-9788491802525
DIRECCIÓN DE EMPRESAS,ANA MARIA CASTILLO CLAVERO,-9788436840070
INNOVACIÓN ABIERTA Y ALTA COCINA,ANDONI LUIS ADURIZ,-9788436829280
THE GOOD PSYCHOPATH'S GUIDE TO SUCCESS,ANDY MCNAB,-9781473508965
WORK/LIFE: ACHIEVE YOUR GOALS,ANDY SMITH,-9781405324922
DIRIGE!,ANGEL BAGUER ALCALA,-9788499690995
EL IMPERIO PORCELANOSA,ANGEL C. ALVAREZ RODRIGUEZ,-9788490604045
CÓMO TRABAJAR EN EQUIPO A TRAVÉS DE COMPETENCIAS,ANGEL JOSE OLAZ CAPITAN,-9788427722262
LA GESTIÓN ABIERTA DE LA EMPRESA Y DE LOS ORGANISMOS PÚBLICOS,ANTONIO FERNANDEZ RAÑADA,-9788499696652
LECCIONES EN ESTRATEGIA,ARNOLDO C. HAX,-9789561416895
LA CRISIS DEL EMPLEO. HACIA LAS ACTIVIDADES NO PRODUCTIVAS,ARTURO DAMIAN SANCHIS SERRA,-9788498869934
DICCIONARIO DE TURISMO,ASUNCION BLANCO ROMERO,-9788437642048
EL PEQUEÑO LIBRO DE LA VALORACIÓN DE EMPRESAS,ASWATH DAMODARAN,-9788423432592
LA TRAMPA DE LAS REDES SOCIALES,B.J. MENDELSON,-9788499445199
CREATIVIDAD INTELIGENTE,BEATRIZ VALDERRAMA,-9788436844610
JOBCRAFTING. CONVIERTE EL TRABAJO QUE TIENES EN EL TRABAJO QUE QUIERES,BELEN VARELA,-9788417545321
RETAIL COACHING (4A. EDICIÓN),BENOIT MAHE,-9788417942991
AYÚDALOS A CRECER O MÍRALOS IRSE,BEVERLY KAYE,-9788499447049
FINISH BIG,BO BURLINGHAM,-9780670923281
LA ESCALADA DEL LÍDER,BOB PARSANKO,-9788499446110
THE LITTLE PRINCE PUTS ON HIS TIE,BORJA VILASECA,-9781310918094
O ESSENCIAL  DA TEORIA U,C. OTTO SCHARMER,-9786599074714
MINIMALISMO DIGITAL,CAL NEWPORT,-9788449337246
PIENSE COMO UN MILLONARIO,CAMILO CRUZ,-9781607380955
CAMBIA EL GUIÓN,CARLOS ALONSO,-9788499698731
EL ANTÍDOTO,CARLOS REBATE,-9788417780524
LOS CIEN ERRORES DEL EMPRENDIMIENTO,CARMEN DE PABLOS HEREDERO,-9788416462407
CONTROL DE CALIDAD A TRAVÉS DE SEIS SIGMA APLICACIONES CON EXCEL,CESAR PEREZ LOPEZ, - cdlap00011536  
COACHING DE EQUIPOS,CESAR PIQUERAS,-9788415505761
GESTIÓN TRANSNACIONAL,CHRISTOPHER A. BARTLETT,-9788499449647
MUJER Y ALTA DIRECCIÓN EN EL SECTOR TURÍSTICO,CRISTINA FIGUEROA DOMECQ,-9788490776193
DIRECCIÓN ESTRATÉGICA DE ORGANIZACIONES TURÍSTICAS,CRISTOBAL CASANUEVA ROCHA,-9788436840766
DESCÚBRETE COMO LÍDER,DALE CARNEGIE,-9788412299717
"QUIÉN, NO CÓMO",DAN SULLIVAN,-9788418480195
MANUAL DE RECURSOS HUMANOS,DANIEL PATRICIO JIMENEZ,-9788415986324
DIAGNÓSTICO ORGANIZACIONAL,DARIO RODRIGUEZ M.,-9789587781946
DIAGNÓSTICO ORGANIZACIONAL,DARIO RODRIGUEZ M.,-9789561416154
REINVENTANDO LA ORGANIZACIÓN,DAVE ULRICH,-9788417880316
ORGANÍZATE CON EFICACIA,DAVID ALLEN,-9788417180577
SISTEMAS DE EVALUACIÓN DEL DESEMPEÑO PARA ORGANIZACIONES PÚBLICAS,DAVID ARELLANO GAULT,-9786077843368
AMPLITUD (RANGE),DAVID EPSTEIN,-9788417780692
INTELIGENCIA ESPIRITUAL EN LA PRÁCTICA,DAVID FISCHMAN,-9786123190996
GUÍA ESTRATÉGICA PARA LA TRANSFORMACIÓN DIGITAL,DAVID L. ROGERS,-9788418259968
CONVERSACIONES,DAVID M. RUBENSTEIN,-9788429196382
PREGUNTAR CON HUMILDAD,EDGAR H. SCHEIN,-9788499447636
LA DIANA EMPRENDE TU IDEA E IDEA TU EMPRESA,EDUARDO GUILLEN RUIZ,-9788409041589
FUNCIÓN DIRECTIVA Y RECURSOS HUMANOS EN SANIDAD,EDUARDO PEREZ GOROSTEGUI,-9788499690421
GUÍA DEL BUEN GOBIERNO CORPORATIVO,ELISA TURULLOLS,-9788418205132
FUNDAMENTOS PARA LA TOMA DE DECISIONES ESTRATÉGICAS DE LA EMPRESA,ESTEBAN FERNANDEZ SANCHEZ,-9788436843811
ADMINISTRACIÓN DE LA PRODUCCIÓN,ESTEBAN FERNANDEZ SANCHEZ,-9788436843545
¿QUIEN HA MATADO A MI JEFE?,ESTEBAN SOLANO RADA,-9788415986195
ANÁLISIS Y DESCRIPCIÓN DE PUESTOS DE TRABAJO,FEDERICO GAN,-9788499694825
CARRERA PROFESINAL,FEDERICO GAN,-9788499696492
"CÓMO ""HACERSE EL SUECO"" EN LOS NEGOCIOS CON ÉXITO",FEDERICO J. GONZALEZ TEJERA,-9788418236068
VIVIR Y TRABAJAR EN EL EXTRANJERO,FEDERICO J. GONZALEZ TEJERA,-9788418236044
ORGANIZACIONES Y RECURSOS HUMANOS,FERNANDO BAYON MARINE,-9788499585376
"27 CONVERSACIONES CON EMPRENDEDORES ESPAÑOLES. TÚ PODRÍAS SER UNA DE ESTAS HISTORIAS, PIÉNSALO",FERNANDO GINER DE LA FUENTE,-9788416462322
RESPONSABILIDAD SOCIAL CORPORATIVA,FERNANDO NAVARRO GARCIA,-9788415986362
AUTENTICIDAD,FRAN CHUAN,-9788417209292
MANAGEMENT PARA DESPUÉS DE LA CRISIS,FRANCISCO CORMA CANOS,-9788490521038
TURISMOS DE INTERIOR,FRANCISCO JAVIER MELGOSA ARCOS,-9788436830866
"DETECTIVES, S.A.",FRANCISCO MARCO FERNANDEZ,-9788499445380
DEL HOSPITIUM AL TURISMO 4.0,FRANCISCO RODRIGUEZ,-9788417643096
DOCE Y MEDIO,GARY VAYNERCHUK,-9788429197044
LA NUEVA MÍSTICA EMPRESARIAL,GAY HENDRICKS,-9788417545284
ENCONTRAR AL NUEVO STEVE JOBS,GENE STONE,-9788499447414
MANAGEMENT DEPORTIVO. DEL CLUB A LA EMPRESA DEPORTIVA,GERARDO MOLINA,-9788499933764
CULTURA Y ESTRATEGIA DE LOS NEGOCIOS INTERNACIONALES,GLORIA GARCIA,-9788436832730
RESPONSABILIDAD SOCIAL CORPORATIVA,GONZALO ARROYO,-9789569320002
UNIVERSIDADES CORPORATIVAS,GREGORIO CASAMAYOR PEREZ,-9788491801726
DE EMPLEADO A MILLONARIO,GREGORY CAJINA,-9788499699783
EL PODER DE LAS REDES SOCIALES PARA PYMES Y STARTUPS,GUILLERMO DE HARO,-9788418261954
EL TRABAJO DE TU VIDA,IGNACIO ALVAREZ DE MON,-9788418263118
CREACIÓN DE EMPRESAS PARA EMPRENDEDORES,IGNACIO CASTRO ABANCENS,-9788436834192
GRUPO REPSOL. LECTURA EMPRESARIAL,IGNACIO TEMIÑO AGUIRRE,-9788417129545
AMAZON,IGNACIO TEMIÑO AGUIRRE,-9788417129552
"FREEDOM, INC.",ISAAC GETZ,-9788417623005
GESTIONAR CUANDO TODO ESTÁ EN CONTRA,ISABEL SOBRIDO,-9788499445816
LA PARADOJA,JAMES C. HUNTER,-9788417545277
REMOTE,JASON FRIED,-9781448176861
DIRIGIR CON FILOSOFÍA,JAVIER BARRACA MAIRAL,-9788494094217
EMPRENDE TU VOCACIÓN,JAVIER ECHEVARRIA,-9786123192587
LIDERAR EN UN MUNDO IMPERFECTO,JAVIER FERNANDEZ AGUADO,-9788417277666
"JESUITAS, LIDERAR TALENTO LIBRE",JAVIER FERNANDEZ AGUADO,-9788417277192
LIDERAR SIN PERDER TU IDENTIDAD,JAVIER MORENO ZABALA,-9788436840780
EL LENGUAJE DE LAS MÁQUINAS,JAVIER SANTOS,-9788436833379
THE DISCIPLINE & CULTURE OF INNOVATION,JAY RAO,-9788415735717
SCRUM,JEFF SUTHERLAND,-9781448166602
EL TRABAJO NOS ESTÁ MATANDO,JEFFREY PFEFFER,-9788417880002
TESORERÍA FOR ROOKIES,JESUS PARRA,-9788483567333
GIRANDO LA RUEDA,JIM COLLINS,-9788429195903
BEYOND ENTREPRENEURSHIP 2.0,JIM COLLINS,-9781473585737
EL MAPA,JOAN MIQUEL PIQUE ABADAL,-9788436831665
CÓMO CREAR UN PLAN DE NEGOCIO ÚTIL Y CREÍBLE,JOAN MIR JULIA,-9788412067521
"TRABAJO, MERCADO DE TRABAJO Y RELACIONES LABORALES",JOAQUIN JUAN ALBALATE,-9788430967384
INNOVACIÓN Y MEJORA CONTINUA SEGÚN EL MODELO EFQM DE EXCELENCIA,JOAQUIN MEMBRADO MARTINEZ,-9788499699271
CAMPO DE ENTRENAMIENTO,JON GORDON,-9788499448572
EL CARPINTERO,JON GORDON,-9788499449814
EL MAGNETISMO DEL NEGOCIADOR,JORGE PALACIOS PLAZA,-9788490521083
DIRIGE Y LIDERA PARA COMPETIR,JOSE AGUSTIN CRUELLES RUIZ,-9788426727695
EL FIN DE LA INNOVACIÓN,JOSE ALMANSA,-9788498755114
LA GESTIÓN APLICADA A HOTELERÍA Y TURISMO,JOSE LUIS FEIJOO,-9789879468265
ALIMENTOS Y BEBIDAS : SU GERENCIAMIENTO EN HOTELES Y RESTAURANTES,JOSE LUIS FEIJOO,-9789879468647
EL CASO BANKIA Y ALGO MÁS... O MENOS,JOSE LUIS HERAS CELEMIN,-9788415787976
LA (NUEVA) ERA DE LA ANOMALÍA,JOSE LUIS LARREA,-9788436844290
LOS NUEVOS ÁMBITOS DE LA DELINCUENCIA EMPRESARIAL. FOTOGRAFÍA URBANA DE LA DELINCUENCIA MERCANTIL,JOSE MANUEL FERRO VEIGA,-9788415941460
SECRETOS DE LA GESTIÓN DE UNA CRISIS,JOSE MANUEL MURIEL,-9788417914820
"CREANDO AL DIRECTIVO IDEAL. EL DIRECTIVO IDEAL NO NACE, SE HACE",JOSE MANUEL MURIEL,-9788417129477
"DIRIGIR. LIDERAR, MOTIVAR, COMUNICAR, DELEGAR, DIRIGIR REUNIONES",JOSE MARIA ACOSTA,-9788417129538
NEGOCIAR. CÓMO SATISFACER A AMBAS PARTES,JOSE MARIA ACOSTA VERA,-9788417129910
ALIANZAS ESTRATÉGICAS EN LA PRÁCTICA,JOSE MARIA SAINZ DE VICUÑA ANCIN,-9788416462131
CREAR UNA EMPRESA EN LA PRÁCTICA,JOSE MARIA SAINZ DE VICUÑA ANCIN,-9788417129439
ANÁLISIS DE LA COMPETITIVIDAD DE ESPAÑA COMO DESTINO TURÍSTICO,JOSE MIGUEL RODRIGUEZ ANTON,-9788415705628
SUPERVIVIR,JOSE ORTEGA,-9788417904142
"GESTIÓN DE PROYECTOS INFORMÁTICOS: MÉTODOS, HERRAMIENTAS Y CASOS",JOSE RAMON RODRIGUEZ,-9788497882927
CÓMO ESCRIBIR Y PUBLICAR UN LIBRO CON ÉXITO,JOSEP LOPEZ,-9783966335645
EN BUSCA DE LA SEXCELENCIA,JOSEP MARIA ANGLER,-9788499675442
FUNDAMENTOS DE LA DIRECCIÓN DE EMPRESAS,JUAN ANTONIO PEREZ LOPEZ,-9788432144424
ESTRATEGIA DE LA VISIÓN A LA ACCIÓN,JUAN CARRION MAROTO,-9788415986270
GESTIÓN DEL CONOCIMIENTO. UNA VENTAJA COMPETITIVA,JUAN GABRIEL CEGARRA NAVARRO,-9788417129903
GAMIFICACIÓN,JUAN J. F. VALERA MARISCAL,-9788415781714
INNOVACIÓN Y VALOR,JUAN JOSE GOÑI ZABALA,-9788499697482
CAPACIDADES BÁSICAS PARA INNOVAR,JUAN JOSE GOÑI ZABALA,-9788499697550
INNOVACIÓN COMO CULTURA ORGANIZATIVA,JUAN JOSE GOÑI ZABALA,-9788499697475
UN NUEVO CONCEPTO DE EMPRESA,JUAN JOSE GOÑI ZABALA,-9788499697451
LIDERAZGO PARA LA INNOVACIÓN,JUAN JOSE GOÑI ZABALA,-9788499697505
INNOVACIÓN Y NUEVAS TECNOLOGÍAS,JUAN JOSE GOÑI ZABALA,-9788499697499
EDUCACIÓN PARA LA INNOVACIÓN,JUAN JOSE GOÑI ZABALA,-9788499697529
LAS 10 HERRAMIENTAS PARA LA INNOVACIÓN,JUAN JOSE GOÑI ZABALA,-9788499697543
"LAS CLAVES DE LA DIRECCIÓN. CONCEPTOS, CUESTIONES Y LA VOZ DE 40 DIRECTORES GENERALES",JUAN LUIS URCOLA TELLERIA,-9788418415135
GESTIÓN DE CONFLICTOS. TEORÍA Y PRÁCTICA,JUAN LUIS URCOLA TELLERIA,-9788417513856
DIRECCIÓN PARTICIPATIVA. CÓMO POTENCIAR LA PARTICIPACIÓN DE LOS TRABAJADORES; UN RETO PARA TODOS,JUAN LUIS URCOLA TELLERIA,-9788417129408
NEGOCIANDO CON LOBOS,JUAN MALARET,-9788490520062
MANUAL DE NEGOCIACIÓN Y RESOLUCIÓN DE CONFLICTOS,JUAN PABLO VILLA,-9788416583300
GESTIÓN DE PROYECTOS EN LA EMPRESA,JUAN VELASCO SANCHEZ,-9788436829587
TELETRABAJO. HÁBITOS SALUDABLES Y PRODUCTIVOS,JUANJO RAMOS,-9783966332705
PÍLDORAS PARA EMPRENDER,JUANMA ROMERO,-9788483568033
LIDERAZGO POR IMPULSIÓN,JULIAN GUTIERREZ CONDE,-9788436828412
MANUAL PRÁCTICO DE RESPONSABILIDAD SOCIAL CORPORATIVA,JULIO GARCIA DEL JUNCO,-9788436840063
EL DIAGNÓSTICO LOGÍSTICO. UNA METODOLOGÍA PARA PROMOVER MEJORAS COMPETITIVAS,JULIO JUAN ANAYA TEJERO,-9788416462339
LOGÍSTICA INTEGRAL. LA GESTIÓN OPERATIVA DE LA EMPRESA,JULIO JUAN ANAYA TEJERO,-9788416462483
INFORME ANUAL 2015. LA REPUTACIÓN EMPRESARIAL EN IBEROAMÉRICA,JUSTO VILLAFAÑE,-9788497849654
EL LIDERAZGO SERVICIAL,KEN BLANCHARD,-9788417312060
GENERAR BENEFICIOS,LAIR RIBEIRO,-9788417545260
EL LÍDER MINDFUL,LARRAITZ URRESTILLA,-9788494907937
EL ARTE DE LA EJECUCIÓN EN LOS NEGOCIOS,LARRY BOSSIDY,-9786073150040
RITMO EMPRESARIAL,LAURA ILZARBE IZQUIERDO,-9788490521175
COACHING PARA COACHES,LEONARDO WOLK,-9789871301935
EMPRENDIMIENTO EN EL ENTORNO DIGITAL,LUIS ALBERTO RUANO,-9788426729521
GESTIÓN CLÍNICA: GOBIERNO CLÍNICO,LUIS ANGEL OTEO OCHOA,-9788499690445
"GESTIÓN LOGÍSTICA EN CENTROS DE DISTRIBUCIÓN,BODEGAS Y ALMACENES",LUIS ANIBAL MORA GARCIA,-9789586489706
"SUEÑA COMO LUTHER KING, HABLA COMO OBAMA, MANDA SIN MANDAR Y SÉ TÚ MISMO",LUIS BASSAT,-9788417886493
GESTIÓN DE LA CARTERA DE PROYECTOS DE TIC,LUIS FERNANDO DIAZ DOMINGUEZ,-9788415834922
INTELIGENCIA DE NEGOCIOS Y ANALÍTICA DE DATOS,LUIS JOYANES AGUILAR,-9789587785425
APLICACIÓN PRÁCTICA DE LAS TABLAS DINÁMICAS CON EXCEL,LUIS MUÑIZ,-9788416115976
EL LIBRO DE LAS HABILIDADES DIRECTIVAS 4ª ED.,LUIS PUCHOL,-9788490521489
101 CLAVES PARA FORMADORES DE EMPRESA.  TODO LO QUE NOS HABRÍA GUSTADO SABER CUANDO NOS INICIAMOS EN LA FORMACIÓN,LUIS PUCHOL MORENO,-9788417513528
GESTIÓN DE RECURSOS HUMANOS PARA LA PYME,LUIS VAZQUEZ SUAREZ,-9788436840537
INTRODUCCIÓN A LA GESTIÓN DE EMPRESAS,LUIS VAZQUEZ SUAREZ,-9788436843361
LAS 10 REGLAS DE ORO DEL LIDERAZGO,M. A. SOUPIOS,-9788499448589
CREACIÓN DE EMPRESAS,MANEL RAJADELL CARRERAS,-9788498804669
90 TÉCNICAS DE COMUNICACIÓN Y RELACIONES PÚBLICAS,MANUEL PALENCIA LEFLER ORS,-9788497356411
EL LIBRO BLANCO DEL COOLHUNTING,MANUEL SERRANO ORTEGA,-9788415482543
"¡SI LO SÉ, NO LO DIGO!",MARCELO CASTELO RIVAS,-9788417312145
BÚSCATE LA VIDA,MARCOS ALVAREZ,-9788497357234
CÓMO ENCONTRAR UN NUEVO EMPLEO,MARCOS CHICOT,-9788415750017
EMPRENDER EN LA ERA DIGITAL. GUÍA PRÁCTICA PARA ELABORAR TU PLAN DE NEGOCIOS E INTERNACIONALIZARTE A TRAVÉS DEL ECOMMERCE,MARIA ALEJANDRA RAMIREZ CUENCA,-9788491837725
CÓMO ENFOCAR LOS CAMBIOS. QUÉ TE MUEVE,MARIA ANGELES CHAVARRIA,-9788417513061
ITINERARIOS PROFESIONALES (FOL),MARIA EUGENIA CALDAS BLANCO,-9788491615101
INTERPRETACIÓN DE LA NORMA ISO 9001:2015 EN PDF,MARIFE MONTES LUNA, - cdlap00004390  
LOS PARANOICOS SE SALVAN,MARIO BORGHINO,-9786073198028
CONSTRUYENDO TALENTO,MARTHA ALLES,-4064066512125
FORMACIÓN EN LA PRÁCTICA,MARTHA ALLES,-9789878358239
EL GRAN SALTO,MARTINA FLOR,-9788425231780
ALFAS & OMEGAS,MERCE BREY,-9788417622831
CÓMO EMPEZAR,MICHAEL BUNGAY STANIER,-9788419251633
MANAGEMENT DE ALTURA,MIGUEL ANGEL GONZALEZ,-9788491400721
EL TESTAMENTO DE BEETHOVEN,MIGUEL FERNANDEZ RAÑADA,-9788416364145
TURISMO Y GÉNERO,MONICA SEGOVIA PEREZ,-9788491802211
LA FINANCIACIÓN DE LA EMPRESA,MONTSERRAT CASANOVAS,-9788415735021
DIRIGIR CON ÉXITO ¡ES FÁCIL!,MOREY STETTNER,-9788416115532
GUÍA PRÁCTICA PARA LA INTEGRACIÓN DE SISTEMAS DE GESTIÓN,NATALIA CALSO MORALES,-9788481439717
COMPROMETIDOS CON LA EMPRESA,NATALIA GOMEZ DEL POZUELO,-9788499446646
"DIRECCIÓN Y SENSIBILIDAD. CÓMO VIVIR Y DIRIGIR CON PASIÓN, VOCACIÓN Y SENTIDO COMÚN",NEREA URCOLA MARTIARENA,-9788416462438
LA CURVA,NICHOLAS LOVELL,-9788499447452
MICROPODERES,NURIA VILANOVA,-9788416429523
LA ESENCIA DE LA EMPRESA FAMILIAR,NURIA VILANOVA,-9788417002794
PROTOCOLO EMPRESARIAL INTERNACIONAL,OLEGARIO LLAMAZARES GARCIA LOMAS,-9788493541057
MASTER EN FINANZAS,ORIOL AMAT,-9788417209056
LA NUEVA COMUNICACIÓN,OSCAR RODRIGO GONZALEZ LOPEZ,-9788436829662
YO TAMBIÉN PUEDO EMPRENDER,PABLO CLAVER,-9788483568477
POR FIN ES LUNES,PABLO CLAVER,-9788417277086
GER GESTIÓN EFICAZ DE LAS RECOMPENSAS,PACO MURO,-9788417312947
CÓMO GESTIONAR LAS RECLAMACIONES DE SUS CLIENTES. EPUB,PALMIRA LOPEZ FRESNO,-9788481438505
LAS CINCO DISFUNCIONES DE UN EQUIPO,PATRICK LENCIONI,-9788416715732
CÓMO TENER ÉXITO EN LA VIDA,PAUL MCGEE,-9788417545116
ETICA DE LOS NEGOCIOS,PEDRO FRANCES,-9788433034069
EMAILS TO A YOUNG ENTREPRENEUR,PEDRO NUENO,-9788415179948
EMAILS TO A YOUNG ENTREPRENEUR,PEDRO NUENO,-9788415179931
AUTOENGAÑO Y EMPRESA,PEDRO NUENO,-9788417622572
DIRIGIENDO CON VELOCIDAD,PEDRO NUENO,-9788418285509
EL SECRETO DE LA SOPA DE FIDEOS,PEDRO PALAO PONS,-9788499176475
RECLUTAMIENTO Y SELECCIÓN 2.0.,PEDRO ROJAS,-9788490292044
4 SEGUNDOS,PETER BREGMAN,-9788499449029
TAN SOLO LOS MEJORES LO LOGRAN,PETER SEILERN,-9788418464379
NO MIEDO,PILAR JERICO,-9788492414437
GESTIÓN CON ALMA,RAFAEL MATESANZ,-9788491646693
CAPITALISMO CONSCIENTE -GUÍA PRÁCTICA STAKEHOLDERS,RAJ SISODIA,-9788419029300
PRINCIPIOS DE GESTIÓN FINANCIERA (2ª EDICIÓN REVISADA ACTUALIZADA),RAMON J. RUIZ MARTINEZ,-9788413575902
"EMPLEO, PERSONAS Y ORGANIZACIONES",RAUL DE DIEGO VALLEJO,-9788436834505
BLITZSCALING,REID HOFFMAN,-9788418480621
EL NEGOCIO DEL SIGLO 21 (PADRE RICO),ROBERT T. KIYOSAKI,-9786071122353
EN LA ESPIRAL DE LA INNOVACIÓN,ROBERTO CARBALLO,-9788499699196
INNOVACIÓN Y GESTIÓN DEL CONOCIMIENTO,ROBERTO CARBALLO,-9788499699424
THE VALUEHOLDER,ROBERTO FUSTE,-9788417376376
NEGOCIADOR 365,ROBERTO WHYTE,-9788436840964
WORK/LIFE: DEVELOP CONFIDENCE,ROS TAYLOR,-9781405324878
EL NETWORKING,ROSAURA ALASTRUEY,-9788490290897
HOW WOMEN RISE,SALLY HELGESEN,-9781473556140
EL CUBO DEL LÍDER,SALVADOR MOLINA,-9788418263354
LÍDERES EN LA HISTORIA. LÍDERES EN LA EMPRESA,SALVADOR RUS RUFINO,-9788436831511
TRANSFORMANDO ORGANIZACIONES. LIDERAR EL CAMBIO,SANDRA ROMAIN,-9788417914097
GESTIÓN DE LA FORMACIÓN EN LAS ORGANIZACIONES,SANTIAGO PEREDA MARIN,-9788499586861
MANUAL PARA LA CREACIÓN DE GUÍAS DE VIAJES. CÓMO CONTAR EL MUNDO EN LA ERA COVID-19,SANTIAGO TEJEDOR,-9788491808312
DIRECTIVAS Y EMPRESARIAS,SARA BERBEL SANCHEZ,-9788490645079
RIQUEZA Y EXITO,SARA BURILLO MOLINERO, - cdlap00001984  
GUÍABURROS LA SALUD EMOCIONAL EN TU EMPRESA,SEBASTIAN VAZQUEZ,-9788417681340
VAYAMOS ADELANTE (LEAN IN),SHERYL SANDBERG,-9788415431770
INGENIO Y PASIÓN,SILVIA LEAL MARTIN,-9788483568194
EMPIEZA CON EL PORQUÉ,SIMON SINEK,-9788417180805
CHIEF WELLBEING OFFICER,STEVEN MACGREGOR,-9781911498780
SUN TZU,TAO HANZHANG,-9788417209179
"RESUMEN DEL LIBRO ""50 CLAVES PARA HACER DE USTED UNA MARCA"" DE TOM PETERS",TOM PETERS,-9788418959417
DESCUBRE TUS FORTALEZAS,TOM RATH,-9788429195712
PNL & COACHING. UNA VISIÓN INTEGRADORA,VICENS OLIVE PIBERNAT,-9788494998447
LA ESTRATEGIA DEL OCÉANO AZUL,W. CHAN KIM,-9788416115907
STEVE JOBS,WALTER ISAACSON,-9788499921327
COACHING 3.0,YECHEZKEL MADANES,-9788491117025
DECISIONES EMPRESARIALES CON HOJA DE CÁLCULO,YOLANDA BUENO HERNANDEZ,-9788436826548
HITLER Y EL NUEVO ORDEN MUNDIAL,ABEL BASTI,-9789504975380
EL FANTASMA DEL REY LEOPOLDO,ADAM HOCHSCHILD,-9788499429465
LA QUINTA COLUMNA,ALBERTO LAGUNA REYES,-9788491645894
LAS ÚLTIMAS HORAS DEL COSTA CONCORDIA,ALEJANDRO MINGUEZ,-9788416893478
CARA O CRUZ: HERNÁN CORTÉS,ALEJANDRO ROSAS,-9786073173612
UN DÍA EN LA VIDA DE IVÁN DENÍSOVICH,ALEKSANDR SOLZHENITSYN,-9788490661888
MUJICA. UNA BIOGRAFÍA INSPIRADORA,ALLAN PERCY,-9788490691373
NAUFRAGIOS,ALVAR NUÑEZ CABEZA DE VACA,-9788499533544
ANÉCDOTAS DE LA NOBLEZA ESPAÑOLA,AMADEO MARTIN REY Y CABIESES,-9788413844121
LA VOZ SOLA,ANA MARIA MARTINEZ SAGI,-9788417264116
LA REINA,ANA POLO ALONSO,-9788413844602
"COLEGA, ¿DÓNDE ESTÁ MI URBE? LA ATLÁNTIDA Y OTRAS CIUDADES PERDIDAS EN LA HISTORIA Y EL TIEMPO",ANDONI GARRIDO,-9788413840659
MADRID,ANDRES TRAPIELLO,-9788423358342
LA REINA,ANDREW MORTON,-9788467067804
¿QUIÉN QUISO LA GUERRA CIVIL?,ANGEL VIÑAS,-9788491990994
ANÁLISIS DE LOS PAISAJES HISTÓRICOS,ANTONIO MALPICA CUELLO,-9788415249603
"APELLIDO FERNÁNDEZ / ORIGEN, HISTORIA Y HERÁLDICA DE LOS LINAJES Y APELLIDOS ESPAÑOLES E HISPANOAMERICANOS",ANTONIO TAPIA, - cdlhf00014626  
"APELLIDO DELGADO / ORIGEN, HISTORIA Y HERÁLDICA DE LOS LINAJES Y APELLIDOS ESPAÑOLES E HISPANOAMERICANOS",ANTONIO TAPIA,
"APELLIDO MUÑOZ / ORIGEN, HISTORIA Y HERÁLDICA DE LOS LINAJES Y APELLIDOS ESPAÑOLES E HISPANOAMERICANOS",ANTONIO TAPIA, - cdlhf00017724  
LA GUERRA CIVIL ESPAÑOLA,ANTONY BEEVOR,-9788498928532
BERLÍN,ANTONY BEEVOR,-9788498928303
LAS CARTAS DE ELENA FRANCIS,ARMAND BALSEBRE,-9788437639093
PRETORIANOS,ARTURO SANCHEZ SANZ,-9788491641810
EL SILENCI DELS TELERS,ASSUMPTA MONTELLA I CARLOS,-9788415224792
UNA TIERRA PROMETIDA,BARACK OBAMA,-9788499929750
A PROMISED LAND,BARACK OBAMA,-9780241991411
EL CRIMEN DE LA CALLE FUENCARRAL,BENITO PEREZ GALDOS,-9788416225910
LA PRESA DE SHARPE. LA BATALLA DE COPENHAGUE 1807,BERNARD CORNWELL,-9788435048798
ESTAMBUL,BETTANY HUGHES,-9788417067960
MADRID DE LEYENDA,BLANCO CORREDOIRA,-9788418757129
FRANCESC CAMBÓ,BORJA DE RIQUER,-9788429780758
LA CATEDRAL DE TOLEDO,CARLOS DUEÑAS REY,-9788411314398
SIMPOSIOS Y BANQUETES GRIEGOS,CARLOS GARCIA GUAL,-9788417951276
LOS CAMPOS DE CONCENTRACIÓN DE FRANCO,CARLOS HERNANDEZ DE MIGUEL,-9788466665452
EL NORTE.LA EPOPEYA OLVIDADA DE LA NORTEAMÉRICA HISPANA,CARRIE GIBSON,-9788441441484
ANALES,CAYO CORNELIO TACITO,-9788446035336
1491,CHARLES C. MANN,-9788412553802
REINAS MALDITAS,CRISTINA MORATO,-9788401347115
DIVINA LOLA,CRISTINA MORATO,-9788401019258
GUERRA Y CUCHILLO. LOS SITIOS DE ZARAGOZA. 1808-1809,DANIEL AQUILLUE,-9788413840925
TOLEDO. BIOGRAFÍA DE LA CIUDAD SAGRADA,DANIEL GOMEZ ARAGONES,-9788413843094
LA GRAN HISTORIA DE TODO,DAVID CHRISTIAN,-9788491990888
365 DÍAS PARA SER MÁS CULTO,DAVID S. KIDDER,-9788427043695
MIS MENTIRAS FAVORITAS,DIEGO GARROTE VALERO,-9788483260586
LA LIEBRE CON OJOS DE ÁMBAR,EDMUND DE WAAL,-9788415277965
EL HIJO DE EULALIA,EDUARDO ALVAREZ,-9788413842134
EL MUNDO NO ES COMO CREES,EL ORDEN MUNDIAL,-9788434432918
"BARCELONA, UNA BIOGRAFÍA",ENRIC CALPENA,-9788423350100
TRES PIEDRAS HACEN UNA PARED,ERIC H. CLINE,-9788417067564
BREVE HISTORIA DEL MUNDO. EDICIÓN ILUSTRADA,ERNST H. GOMBRICH,-9788411000246
FRANCISCO PIZARRO,ESTEBAN MIRA CABALLOS,-9788417067908
GEOGRAFÍA. LIBROS I-II,ESTRABON,-9788424931964
UNA MIRADA A LA DIVERSIDAD,EVA ORTEGA,-9788411371056
"MALINTZIN, O LA CONQUISTA COMO TRADUCCIÓN",FEDERICO NAVARRETE,-9786073047791
ENTENDER Y AMAR EL ARTE EGIPCIO,FERNANDO ESTRADA LAZA,-9788498924763
BREVE HISTORIA DE ESPAÑA,FERNANDO GARCIA DE CORTAZAR,-9788413628271
LOS MITOS DE ESPAÑA,FERNANDO GARCIA DE CORTAZAR,-9788417241711
ATLAS DE LA BELLEZA DE ESPAÑA,FERNANDO GARCIA DE CORTAZAR,-9788417241766
Y CUANDO DIGO ESPAÑA,FERNANDO GARCIA DE CORTAZAR,-9788417241643
LAS ALCANTARILLAS DEL PODER,FERNANDO RUEDA,-9788499706054
"AL SERVICIO DE SU MAJESTAD. LA FAMILIA REAL Y LOS ESPÍAS. 50 AÑOS DE CONSPIRACIONES, MANIPULACIONES Y OCULTAMIENTOS",FERNANDO RUEDA,-9788413842271
1 KILO DE CULTURA GENERAL,FLORENCE BRAUNSTEIN,-9788467046434
LAS LIBERTADORAS,FRANCISCO MARTINEZ HOYOS,-9789584279811
EL TURCO,FRANCISCO VEIGA,-9788499929712
LA REPÚBLICA ESPAÑOLA Y LA GUERRA CIVIL,GABRIEL JACKSON,-9788498923346
LOS AMNÉSICOS,GERALDINE SCHWARZ,-9788490667354
FINGERPRINTS OF THE GODS,GRAHAM HANCOCK,-9781446410851
EL EXILIO INTERIOR,GUTMARO GOMEZ BRAVO,-9788430608652
EL CORTO VERANO DE LA ANARQUÍA,HANS MAGNUS ENZENSBERGER,-9788433940612
LA GUERRA CIVIL ESPAÑOLA,HUGH THOMAS,-9788466344821
LA ESPAÑA DE ALÁ,IGNACIO CEMBRERO,-9788490607022
PARTES DE GUERRA,IGNACIO MARTINEZ DE PISON,-9788418800108
MACARRAS IBÉRICOS,IÑAKI DOMINGUEZ,-9788446052173
"MORTS, QUI US HA MORT?",IÑAKI RUBIO,-9788418857270
CON TODO,IÑIGO ERREJON,-9788408243809
"TROTSKY, EL PROFETA ARMADO",ISAAC DEUTSCHER,-9789560008145
"TROTSKY, EL PROFETA DESARMADO",ISAAC DEUTSCHER,-9789560008152
"TROTSKY, EL PROFETA DESTERRADO",ISAAC DEUTSCHER,-9789560008169
RECONQUISTA,IVAN VELEZ,-9788413844565
HISTORIA DEL MUNDO,J.M. ROBERTS,-9788499920306
POR OTRA EDAD MEDIA,JACQUES LE GOFF,-9788430623754
OOPARTS. OBJETOS FUERA DE TIEMPO Y LUGAR,JAIME BARRIENTOS,-9788417057589
ANATOMÍA DE UN INSTANTE,JAVIER CERCAS,-9788439726906
FAKE NEWS DEL IMPERIO ESPAÑOL,JAVIER SANTAMARTA DEL POZO,-9788413841519
SIEMPRE TUVIMOS HÉROES,JAVIER SANTAMARTA DEL POZO,-9788441438101
EN BUSCA DE LA EDAD DE ORO,JAVIER SIERRA,-9788408137535
EL CHICO QUE SIGUIÓ A SU PADRE HASTA AUSCHWITZ,JEREMY DRONFIELD,-9788408207481
HISTORIA OXFORD DE GRECIA Y EL MUNDO HELÉNICO,JOHN BOARDMAN,-9788413844428
LA ORDEN,JOHN DICKIE,-9788418619267
ALCE NEGRO HABLA,JOHN G. NEIHARDT,-9788412083026
HÉROES 2,JORGE BARADIT,-9789562626187
BREVE HISTORIA DE LOS REINOS IBÉRICOS,JORGE MAIZ CHACON,-9788434406452
LA PRIVATIZACIÓN DE LA VERDAD,JORGE MAJFUD,-9788491348887
MATER DOLOROSA,JOSE ALVAREZ JUNCO,-9788430615834
EL RELATO NACIONAL,JOSE ALVAREZ JUNCO,-9788430617661
¡PELAYO!,JOSE ANGEL MAÑAS,-9788413841854
MEMORIAS DE UN BEDUINO EN EL CONGRESO DE LOS DIPUTADOS,JOSE ANTONIO LABORDETA,-9788466645614
"REGULAR, GRACIAS A DIOS",JOSE ANTONIO LABORDETA,-9788466646086
LA TRAVESÍA FINAL,JOSE CALVO POYATO,-9788491396277
MOROS Y CRISTIANOS,JOSE JAVIER ESPARZA,-9788499705156
VISIGODOS,JOSE JAVIER ESPARZA,-9788491644460
NO TE ARREPIENTAS,JOSE JAVIER ESPARZA,-9788413840413
"¡SANTIAGO Y CIERRA, ESPAÑA!",JOSE JAVIER ESPARZA,-9788499709260
VÍCTIMAS DEL ABSOLUTISMO,JOSE LUIS GOMEZ URDAÑEZ,-9788418322150
LA EDAD DEMOCRÁTICA,JOSE MARIA MICHAVILA,-9788467066999
LOS CONFLICTOS SOCIALES EN LA EDAD MEDIA,JOSE MARIA MONSALVO ANTON,-9788490779651
LUIS MARTÍNEZ DE IRUJO,JOSE MIGUEL HERNANDEZ BARRAL,-9788413844343
LA VIDA COTIDIANA EN EL ANTIGUO EGIPTO,JOSE MIGUEL PARRA ORTIZ,-9788490605110
MOMIAS,JOSE MIGUEL PARRA ORTIZ,-9788498922776
LOS VISIGODOS. HIJOS DE UN DIOS FURIOSO,JOSE SOTO CHICA,-9788412207996
ANTES DEL ANTIIMPERIALISMO,JOSEP M. FRADERA,-9788433946010
EL NAIXEMENT D'UNA COLÒNIA,JOSEP TORRO,-9788437086774
LA MALDICIÓN DE TUTANKAMÓN,JOYCE TYLDESLEY,-9788434405783
PALEOGRAFÍA Y ESCRITURA HISPÁNICA,JUAN CARLOS GALENDE DIAZ,-9788490777992
LA REVOLUCIÓN RUSA CONTADA PARA ESCÉPTICOS,JUAN ESLAVA GALAN,-9788408170853
LOS AÑOS DEL MIEDO,JUAN ESLAVA GALAN,-9788408106258
LA SEGUNDA GUERRA MUNDIAL CONTADA PARA ESCÉPTICOS,JUAN ESLAVA GALAN,-9788408136941
HISTORIA DE ESPAÑA CONTADA PARA ESCÉPTICOS,JUAN ESLAVA GALAN,-9788408106241
UN ABUELO ROJO Y OTRO ABUELO FACHA,JUAN SOTO IVARS,-9788412039146
MUJERES EN PÚRPURA. SOBERANAS DEL MEDIEVO BIZANTINO,JUDITH HERRIN,-9788430626007
EL TERROR ROJO,JULIUS RUIZ,-9788467006803
LAS HERMANAS SOONG,JUNG CHANG,-9788430618521
EL JINETE PÁLIDO,LAURA SPINNEY,-9788417067885
LETIZIA. LA REINA IMPACIENTE,LEONARDO FACCIO,-9788499927633
"HITLER, MI VECINO",LION FEUCHTWANGER,-9788433934956
"SEGURIDAD NACIONAL, AMENAZAS Y RESPUESTAS",LUIS DE LA CORTE IBAÑEZ,-9788483569214
LA DOBLE MUERTE DE UNAMUNO,LUIS GARCIA JAMBRINA,-9788412351309
HISTORIA DEL FRANQUISMO,LUIS PALACIOS BAÑUELOS,-9788418205927
LA ESCRITURA DE LA HISTORIA EN LA ERA GLOBAL,LYNN HUNT,-9788411180078
EL ARTE DE SANAR DE SANTA HILDEGARDA,MANFRED PAWLIK,-9788467735260
1936. FRAUDE Y VIOLENCIA EN LAS ELECCIONES DEL FRENTE POPULAR,MANUEL ALVAREZ TARDIO,-9788467049671
ELS JUEUS CATALANS,MANUEL FORCANO,-9788415307297
UN IMPERIO DE INGENIEROS,MANUEL LUCENA,-9788430624485
PASIÓN POR VIVIR,MANUEL MEDINA,-9788401029585
"PRÓXIMA ESTACIÓN, CATALUÑA",MANUEL MEDINA,-9788401347863
LOS PUEBLOS DE LA PENÍNSULA IBÉRICA ANTES DE ROMA,MANUEL SALINAS DE FRIAS,-9788491717737
UNA HISTORIA DE LA GUERRA CIVIL QUE NO VA A GUSTAR A NADIE,MANUELA GUL,-9788408110972
PACK TRILOGÍA MARSELLESA,MARCOS ROITMAN ROSENMAN,-9788446047209
BARCO DE ESCLAVOS,MARCUS REDIKER,-9788412442700
EN EL PISO DE ABAJO,MARGARET POWELL,-9788484288671
EL DICTADOR,MARIA SEOANE,-9789500755085
COLÓN Y EL MAPA TEMPLARIO,MARIANO F. URRESTI,-9788411311403
ASIRIA. LA PREHISTORIA DEL IMPERIALISMO,MARIO LIVERANI,-9788413640747
HISTORIA DE ETIOPÍA,MARIO LOZANO ALONSO,-9788413524504
UNA HISTORIA BREVE DE RUSIA,MARK GALEOTTI,-9788412528565
TENEMOS QUE HABLAR DE PUTIN,MARK GALEOTTI,-9788412528589
PASIONES CARNALES,MARTA ROBLES,-9788467061222
ÑAMÉRICA,MARTIN CAPARROS,-9788439738190
LA RISA EN LA ANTIGUA ROMA,MARY BEARD,-9788413627434
IRÁN,MICHAEL AXWORTHY,-9788415427384
LA VIDA COTIDIANA EN ROMA,MIGUEL ANGEL NOVILLO LOPEZ,-9788415930259
LA HISTORIA PERDIDA,NACHO ARES,-9788441440791
EL MAR NEGRO,NEAL ASCHERSON,-9788490662946
UN AÑO EN LA ANTIGUA ROMA,NESTOR F. MARQUES,-9788467051940
HUMO HUMANO,NICHOLSON BAKER,-9788499929354
POLVO ERES,NIEVES CONCOSTRINA,-9788499705316
PRETÉRITO IMPERFECTO,NIEVES CONCOSTRINA,-9788491644736
LA HISTORIA DE RUSIA,ORLANDO FIGES,-9788430625468
VIAJE AL PAÍS DE LOS BLANCOS,OUSMAN UMAR,-9788401022951
LA SECRETA DE FRANCO,PABLO ALCANTARA,-9788467065794
EL HOLOCAUSTO ESPAÑOL,PAUL PRESTON,-9788499920498
EL GRAN MANIPULADOR,PAUL PRESTON,-9788418619434
LA GUERRA CIVIL ESPAÑOLA,PAUL PRESTON,-9788499891507
LA DESTRUCCIÓN DE LA DEMOCRACIA EN ESPAÑA,PAUL PRESTON,-9788499929224
EL POLÍMATA,PETER BURKE,-9788413625027
EL SACRO IMPERIO ROMANO GERMÁNICO,PETER H. WILSON,-9788412221213
FRANCO CONFIDENCIAL,PILAR EYRE,-9788423347513
"YO, EL REY",PILAR EYRE,-9788491649724
LA SEGUNDA REPÚBLICA ESPAÑOLA,PIO MOA,-9788491649632
LA VITORIA DE MAGALLANES,RAMON JIMENEZ FRAILE,-9788419137593
EL MUNDO CONTEMPORÁNEO,RAMON VILLARES,-9788430601271
HISTORIA DE GALICIA,RAMON VILLARES,-9788498655551
HISTORIA DE CHINA CONTEMPORÁNEA,RAUL RAMIREZ RUIZ,-9788491717744
HITLER Y LAS TEORÍAS DE LA CONSPIRACIÓN,RICHARD J. EVANS,-9788491993230
EL TERCER REICH EN GUERRA,RICHARD J. EVANS,-9788499425856
DICTADORAS,ROSA MONTERO,-9789500745802
ANTIGUO EGIPTO,SALIMA IKRAM,-9788418757600
LA HISTORIA EMPIEZA EN SUMER,SAMUEL NOAH KRAMER,-9788413628776
LAS CONFESIONES DE SAN AGUSTÍN,SAN AGUSTIN,-9788026835806
HISTORIAS DE LAS DOS ESPAÑAS,SANTOS JULIA,-9788430615704
NUEVA HISTORIA DE LA REVOLUCIÓN RUSA,SEAN MCMEEKIN,-9788430618415
OTRA CATALUÑA,SERGIO VILA SANJUAN,-9788423354405
EN DEFENSA DE ESPAÑA: DESMONTANDO MITOS Y LEYENDAS NEGRAS,STANLEY G. PAYNE,-9788467050912
MOMENTOS ESTELARES DE LA HUMANIDAD,STEFAN ZWEIG,-9788415689423
MAGALLANES,STEFAN ZWEIG,-9788412083064
LA LUCHA CONTRA EL DEMONIO,STEFAN ZWEIG,-9788417902650
CASTELLIO CONTRA CALVINO,STEFAN ZWEIG,-9788415689416
CAPACIDADES FÍSICAS BÁSICAS,SUE HEE KIM,-9788499935294
VOCES DE CHERNÓBIL,SVETLANA ALEKSIEVICH,-9788490626993
LA HISTORIA PROHIBIDA DEL SÁHARA ESPAÑOL,TOMAS BARBULO,-9788499425962
"ELCANO, VIAJE A LA HISTORIA. EDICIÓN V CENTENARIO",TOMAS MAZON SERRANO,-9788413394312
EL NAZI DE SIURANA,TONI ORENSANZ,-9788415642923
SOBREVIVIR A LA MODELO,VALEN BAILON,-9788494787720
QUE EL BIEN OS ACOMPAÑE,VASILI GROSSMAN,-9788417747466
BREVE HISTORIA DEL EJÉRCITO NAZI,VICENTE MORENO SANZ,-9788413052380
EL TITANIC Y OTROS GRANDES NAUFRAGIOS,VICTOR SAN JUAN,-9788499676371
EL ÚLTIMO MOGOL,WILLIAM DALRYMPLE,-9788412381795
HISTORIA DE LA CONQUISTA DE MÉXICO,WILLIAM H. PRESCOTT,-9788491141617
HISTORIA DE LA CONQUISTA DE PERÚ,WILLIAM H. PRESCOTT,-9788491141792
EL FRENTE DEL ESTE,XOSE M. NUÑEZ SEIXAS,-9788491812913
"ESPAÑA EN DEMOCRACIA, 1975-2011",XOSE M. NUÑEZ SEIXAS,-9788417067434
SUSPIROS DE ESPAÑA,XOSE MANOEL NUÑEZ SEIXAS,-9788491990536
21 LECCIONES PARA EL SIGLO XXI,YUVAL NOAH HARARI,-9788499928777
HOMO DEUS,YUVAL NOAH HARARI,-9788499926643
"FÁBULAS EN PROSA, LECTURA FABULOSA",ADELA BASCH,-9789504932062
TENGO MIEDO,ALBERTO SOLER,-9788418054730
THE THREE MUSKETEERS,ALEXANDRE DUMAS,-9780241397398
CUENTOS PARA CRIAR CON AMOR Y RESPETO,ARMANDO BASTIDA,-9788418050084
EL RITMO DEL MUNDO,AYESHA L. RUBIO,-9788408245490
CONTES PER A UNA NOVA REALITAT,BEGOÑA IBARROLA,-9788418135804
CUENTOS PARA UNA NUEVA REALIDAD,BEGOÑA IBARROLA,-9788408233657
MUNDO SIN DIOSES 2. LA RAZÓN Y LA IRA,BENITO TAIBO,-9786070763403
MINICUENTOS DE ABEJAS Y CEBRAS PARA IR A DORMIR,BLANCA BK,-9788448845285
EL MUSEO DE LOS CHIRIMBOLOS,CARMEN RAMOS,-9788418017841
"DE CERCA, DE LEJOS",CECILIA BEUCHAT,-9789561414655
PULGARCITO,CHARLES PERRAULT,-9788467757378
CAPERUCITA ROJA,CHARLES PERRAULT,-9788467757361
LOS CABALLEROS DEL REY ARTURO,CHRETIEN DE TROYES,-9788467728866
"THE WAY OF THE SWORD (YOUNG SAMURAI, BOOK 2)",CHRIS BRADFORD,-9780141931487
LOS CALCETINES DE EMILY STONES,DAVID LAFUENTE,-9788408243083
HOLD ME CLOSER,DAVID LEVITHAN,-9780723299332
LA INCREÏBLE HISTÒRIA DE... LA COSA MÉS ESTRANYA DEL MÓN,DAVID WALLIAMS,-9788417922122
SOUL. EL LLIBRE DE LA PEL.IÍCULA,DISNEY,-9788418443121
SOUL. EL LIBRO DE LA PELÍCULA,DISNEY,-9788418335044
EXCELENTÍSIMA CAPERUCITA,EL HEMATOCRITICO,-9788469874332
¡MENUDO CABRITILLO!,EL HEMATOCRITICO,-9788469886762
LOS ATREVIDOS EN EL PAÍS DE LOS UNICORNIOS (EL TALLER DE EMOCIONES 5),ELSA PUNSET,-9788448847241
LOS ATREVIDOS ¡FIESTA EN EL MERCADO! (EL TALLER DE EMOCIONES 6),ELSA PUNSET,-9788448847258
LOS ATREVIDOS EN EL PAÍS DE LOS UNICORNIOS (EL TALLER DE EMOCIONES 5),ELSA PUNSET,-9788448847241
LOS ATREVIDOS ¡FIESTA EN EL MERCADO! (EL TALLER DE EMOCIONES 6),ELSA PUNSET,-9788448847258
LOS ATREVIDOS EN BUSCA DEL TESORO (EL TALLER DE EMOCIONES 2),ELSA PUNSET,-9788448845537
UN TEST DE MARGARIDES EBOOK,ENRIC LLUCH,-9788421690147
BENNY AND OMAR,EOIN COLFER,-9780141939551
10 CUENTOS. ADIÓS MIEDOS ADIÓS. 10 CUENTOS PARA PERDER EL MIEDO,ESTER LLORENS,-9788434243118
CABO DE HORNOS,FRANCISCO COLOANE,-9789561228405
CUENTOS DEL ABUELO II,GABRIEL RODRIGUEZ DE LAS HERAS,-9788416563708
PEQUEÑOS CUENTOS CON GRANDES VALORES,GEMMA LIENAS,-9788417921699
EL COCODRILO AL QUE NO LE GUSTABA EL AGUA,GEMMA MERINO,-9788416648573
LA REINA DE LAS NIEVES,HANS CHRISTIAN ANDERSEN,-9788469825068
MOBY DICK O LA BALLENA BLANCA,HERMAN MELVILLE,-9789561222069
JUGAR A PENSAR CON CUENTOS,IRENE DE PUIG,-9788418083372
LA BELLA GRISELDA,ISOL,-9786071634399
FERALS. EL QUE HABLA CON LOS CUERVOS,JACOB GREY,-9786070726811
EL REGRESO A LOS SAUCES,JACQUELINE KELLY,-9788416306046
DOCE SUSTOS Y UN PERICO,JAIME ALFONSO SANDOVAL,-9786073172714
DOG DIARIES: CAMPING CHAOS!,JAMES PATTERSON,-9781473572904
DOG DIARIES,JAMES PATTERSON,-9781473556171
PIRATE PANDEMONIUM,JEREMY STRONG,-9780141965543
THERE'S A VIKING IN MY BED AND OTHER STORIES,JEREMY STRONG,-9780141908939
UNA BODA DESMADRADA,JORDI SIERRA I FABRA,-9788412075199
"HOLA, ¿PUEDO AYUDAR?",JORDI SIERRA I FABRA,-9788412138108
EL RENO Y LA BONDAD,JOSE MORAN,-9788467721621
A LA SOMBRA DEL MAESTRO,JUAN FARIAS,-9788416862658
MIGUEL STROGOFF,JULIO VERNE,-9789561228481
VEINTE MIL LEGUAS DE VIAJE SUBMARINO,JULIO VERNE,-9789561222120
CINCO SEMANAS EN GLOBO,JULIO VERNE,-9788467726251
ME ROBARON A MI MEJOR AMIGA,LAUREL ANN DOOLEY,-9780983155744
EL CLUB DE LOS ABANDONADOS,LEAL GISELA,-9786071116796
ADÉU CAPITÀ!,LLUIS LLORT,-9788448841980
HISTORIAS DE PONIS,LORENA MARIN,-9788467757323
"MUJERCITAS (EDICIÓN ACTUALIZADA, ILUSTRADA Y ADAPTADA)",LOUISA MAY ALCOTT,-9788427220805
"CUENTOS DE OTOÑO DE LUCÍA, MI PEDIATRA",LUCIA GALAN BERTRAND,-9788408247654
"CONTES D'ESTIU DE LUCÍA, MI PEDIATRA",LUCIA GALAN BERTRAND,-9788413893105
"CUENTOS DE LUCÍA, MI PEDIATRA 2",LUCIA GALAN BERTRAND,-9788408234999
"CONTES D'HIVERN DE LUCÍA, MI PEDIATRA",LUCIA GALAN BERTRAND,-9788413894423
"CUENTOS DE VERANO DE LUCÍA, MI PEDIATRA",LUCIA GALAN BERTRAND,-9788408259985
BASURA Y MÁS BASURA,LUCIA SERRANO,-9788469875667
¿CÓMO ES TU ENERGÍA?,LUCIA SERRANO,-9788469875643
EL RATONCITO PÉREZ Y EL DIENTE PERDIDO,MAGELA RONDA,-9788448862060
EL LÁPIZ MÁGICO DE MALALA,MALALA YOUSAFZAI,-9788491049548
CUENTOS PARA SOÑAR UN MUNDO MEJOR,MANUELA CARMENA,-9788417921729
LA ENORME NADA,MARIA BARANDA,-9786071636799
LA FADA MARYLINA,MARIA CRISTINA SALAS,-9788415613398
CUENTOS MONTESSORI PARA POTENCIAR LA AUTOESTIMA,MARTA PRADA,-9788417605827
CUENTOS MONTESSORI PARA LAS BUENAS NOCHES,MARTA PRADA,-9788417605155
CUENTOS MONTESSORI PARA CRECER FELICES,MARTA PRADA,-9788416588824
VAMOOSE! (POCKET MONEY PUFFIN),MEG ROSOFF,-9780141944043
PENSAMENTS,MERCE GALI,-9788417749804
LUNÁTICA,MERCE LOPEZ,-9786071634290
FELIZ,MIES VAN HOUT,-9786071637468
TINC UN VOLCÀ,MIRIAM TIRADO,-9788418522116
EL FANTASMA DE CANTERVILLE,OSCAR WILDE,-9788483088531
CONTES PER SALVAR EL PLANETA,PAOLO FERRI,-9788418134920
EL HOMBRE QUE VIAJÓ A LA LUNA,PATRICIA SUAREZ,-9789877671377
"COLOMBIA, MI ABUELO Y YO",PILAR LOZANO,-9789583062483
EL PIRATA BIEN EDUCADO Y SUS AMIGOS,RAFAEL DEZCALLAR,-9788416280773
EL EXTRAÑO CASO DEL DR. JEKYLL Y MR. HYDE,ROBERT LOUIS STEVENSON,-9788420492063
LOS ATREVIDOS DAN EL GRAN SALTO (EL TALLER DE EMOCIONES 1),ROCIO BONILLA,-9788448845520
CAPITANES INTRÉPIDOS,RUDYARD KIPLING,-9788420492254
THE FOUNTAINS OF SILENCE,RUTA SEPETYS,-9780241421864
APRENDRE A LLEGIR A L'ESCOLA DE MONSTRES 8 - EMOCIONS DE COLORS,SALLY RIPPIN,-9788419085634
GLADIATOR: VENGEANCE,SIMON SCARROW,-9780141970301
L'OVELLETA QUE VA VENIR A SOPAR (L'OVELLETA QUE VA VENIR A SOPAR),STEVE SMALLMAN,-9788448840754
THE CAY,THEODORE TAYLOR,-9780141355948
BRAIN FREEZE: WORLD BOOK DAY 2018,TOM FLETCHER,-9780241334225
BRAIN FREEZE: WORLD BOOK DAY 2018,TOM FLETCHER,-9780241334225
LUCIANA LA PEJESAPO,VERONICA MURGUIA,-9786071637598
LA CIUDAD AUTOMÁTICA,ALAITZ LECEAGA,-9788418086090
LAS MARAVILLAS,ALBERT ESPINOSA,-9788433941886
LA TIENDA DE LA FELICIDAD,ALBERT ESPINOSA,-9788420454894
LO QUE ENCONTRÉ BAJO EL SOFÁ,ALBERT ESPINOSA,-9788466668675
EL CRIMEN DE ASUNTA,ALBERT PLA,-9788490602393
LAS PRIMAS,ALBERT SANCHEZ PIÑOL,-9789876706391
LOS COMPASES DEL TIEMPO,ALBERT SANCHEZ PIÑOL,-9788418945373
LA SONRISA ETRUSCA,ALBERTO MANSO,-9788466336406
LO CONTARÁN LAS OLAS,ALEJANDRO PALOMAS,-9788419361363
DECIR ADIÓS NO ES OLVIDARTE,ALFONSO RAMIREZ DE ARELLANO,-9788466673273
LA VIDA SECRETA DE SYLVIA NOLAN,ALICIA GIMENEZ BARTLETT,-9788423362585
EN EL OTOÑO DE SUS VIDAS,ALICIA W. DE CAMILLONI,-9788419485090
FELIZ DÍA DE AÑO NUEVO,ALMUDENA GRANDES,-9788411554251
UN ELEFANTE BAJO EL PARASOL BLANCO,ALMUDENA GRANDES,-9788401029622
DÍAS GRISES CON CIELO AZUL,ALMUDENA GRANDES,-9788401025969
NUBOSIDAD VARIABLE,ALMUDENA GRANDES,-9788433938022
CATEDRALES,ALMUDENA GRANDES,-9789877387155
GUILLEM,ALMUDENA GRANDES,-9788416743988
TODO ARDE,AMARA CASTRO CID,-9788420438733
LA CIUDAD DE VAPOR,AMPARO SANCHEZ,-9788408236795
LA SEÑORA MARCH,ANA BERNAL TRIVIÑO,-9788426409669
LOS PACIENTES DEL DOCTOR GARCÍA,ANA IRIS SIMON,-9788490664490
VENGO DE ESE MIEDO,ANA LENA RIVERA,-9788411071642
SIETE AGUJAS DE COSER,ANGEL VAZQUEZ,-9788466672283
SIRA,ANGELA BECERRA,-9788408242659
ANTES DEL SALTO,ANGELES GIL,-9788419089298
LA NOCHE QUE NOS ESCUCHAMOS,ANIBAL MALVAR,-9788425361081
"DISPARA, YO YA ESTOY MUERTO",ANTHONY HOPE,-9788401342271
EL PELIGRO DE ESTAR CUERDA,ANTONIO MUÑOZ MOLINA,-9788432240782
TOMÁS NEVINSON,ANTONIO SOLER,-9788420456232
MATERIAL SENSIBLE (CUENTOS CRUELES),ANXOS SUMAI,-9788412258943
LOS BESOS EN EL PAN,ARITZ URRESTI OLASAGASTE,-9788490661956
UN OCÉANO PARA LLEGAR A TI,AROA MORENO DURAN,-9788408237754
AQUITANIA,ARTURO BAREA,-9788408237747
CORAZÓN TAN BLANCO (EDICIÓN ESPECIAL 25º ANIVERSARIO),ARTURO PEREZ REVERTE,-9788420498393
EL CASTILLO DE BARBAZUL,ARTURO PEREZ REVERTE,-9788411071031
LA CIUDAD,ARTURO PEREZ REVERTE,-9788426407764
SI YO ME PIERDO,ARTURO PEREZ REVERTE,-9788423362370
EL AÑO DEL DILUVIO,ARTURO PEREZ REVERTE,-9788432291371
LOS INGRATOS,ARTURO PEREZ REVERTE,-9788467062649
TRANSBORDO EN MOSCÚ,ARTURO PEREZ REVERTE,-9788432238666
EL LABERINTO DE LOS ESPÍRITUS,ARTURO PEREZ REVERTE,-9788408164203
TEMPORADA DE HURACANES,ARTURO PEREZ REVERTE,-9786073152679
LA SOMBRA DEL VIENTO,ARTURO PEREZ REVERTE,-9788408095590
LA SONATA DEL SILENCIO,AURORA VENTURINI,-9788408129059
MÚSICA PARA FEOS,AURORA VENTURINI,-9788423349470
OBRA MAESTRA,AYANTA BARILLI,-9788433944078
QUERIDOS NIÑOS,BEBI FERNANDEZ,-9788433943163
LO DEMÁS ES AIRE,BELEN GOPEGUI,-9788432240812
EL ÚLTIMO VERANO ANTES DE TODO,BELEN GOPEGUI,-9788408264422
"ADIÓS, PEQUEÑO",BELEN GOPEGUI,-9788408261605
PALMERAS EN LA NIEVE,BENITO PEREZ GALDOS,-9788499981031
NADA,BENITO PEREZ GALDOS,-9788423319442
INÉS Y LA ALEGRÍA,BENITO PEREZ GALDOS,-9788483836224
INFIERNO EN EL PARAÍSO,BENITO PEREZ GALDOS,-9788408243328
DE NINGUNA PARTE,BERNARDO ATXAGA,-9788401024931
LLÉVAME A CASA,BERNARDO ATXAGA,-9788432237829
LA BUENA SUERTE,BERNARDO ATXAGA,-9788420439464
ANIMALES HERIDOS,BLUE JEANS,-9788408265269
VOLDRIA QUE FOSSIS TU,CAMILO JOSE CELA,-9788415745143
EL LATIDO DE LA TIERRA,CARE SANTOS,-9788408215905
MAÑANA EN LA BATALLA PIENSA EN MÍ,CARLA MONTERO,-9788420490731
ANTONIA,CARLES CAPDEVILA,-9788490602324
LUCÍA EN LA NOCHE,CARLOS CASARES MOURIÑO,-9788467055252
MALAHERBA,CARLOS DEL AMOR,-9788420438375
LAS TRES HERIDAS,CARLOS RUIZ ZAFON,-9788408003441
LAS HEREDERAS DE LA SINGER,CARLOS RUIZ ZAFON,-9788425361159
REGRESO A TU PIEL,CARLOS RUIZ ZAFON,-9788408127215
BERTA ISLA,CARLOS RUIZ ZAFON,-9788420431918
LAS FORMAS DEL QUERER,CARLOS RUIZ ZAFON,-9788423361380
LOS FAVORES,CARLOS RUIZ ZAFON,-9788418052972
MISS MERKEL. EL CASO DEL JARDINERO ENTERRADO,CARME MARTI,-9788432241338
MIENTRAS ESTAMOS MUERTOS,CARMEN LAFORET,-9788483936863
ESTÁS MUY CALLADA HOY,CARMEN MARTIN GAITE,-9788432241352
EL RÍO DE CENIZAS,CARMEN MARTIN GAITE,-9788411071482
LA MADRINA DE GUERRA,CARMEN POSADAS,-9788466672078
NADIE POR DELANTE,CARMEN POSADAS,-9788423361731
LO QUE HAY,CAROLINA POBLA,-9788418052279
LOS AIRES DIFÍCILES,CLARA SANCHEZ,-9788483836453
LLUNY DE LOUISIANA,CLAUDIA PIÑEIRO,-9788466430043
MUJERES QUE COMPRAN FLORES,CLAUDIA PIÑEIRO,-9788401018114
EL MAESTRO JUAN MARTÍNEZ QUE ESTABA ALLÍ,CLAUDIA PIÑEIRO,-9788492663699
EL CORAZÓN HELADO,CLAUDIA VELASCO,-9788483836231
DELPARAÍSO,CRISTINA LOPEZ BARRIO,-9788467061697
EL REGALO,CRISTINA LOPEZ BARRIO,-9788490691946
A CORAZÓN ABIERTO,CRISTINA MORALES,-9788432236600
EL BAILE DE LAS MARIONETAS,CRUZ MORCILLO,-9788466350624
FERIA,CRUZ MORCILLO,-9788412226737
UN AMOR,DANIEL BLANCO PARRA,-9788433941718
LÍNEA DE FUEGO,DAVID JIMENEZ,-9788420455778
"""1969""",DAVID MONTEAGUDO,-9788419311368
"LA CELESTINA: LECTURA FÁCIL, CASTELLANO ACTUAL",DAVID OLIVAS, - cdlap00006614  
PATRIA,DAVID SAFIER,-9788490663271
TRES CHUPITOS EN MIKONOS (TRILOGÍA UN CÓCTEL EN CHUECA 3),DAVID TRUEBA,-9788466672672
DESDE LA SOMBRA,DIEGO VAYA,-9788432229145
UN SEGUNDO ANTES DE LA FURIA,DULCE CHACON,-9788408247685
HISTORIA DE UN CANALLA,DULCE CHACON,-9788401017391
EL PINTOR DE BATALLAS,EDUARD MARQUEZ,-9788420498676
PAPEL Y TINTA,EDUARDO MENDOZA,-9788491293538
LA COCINERA DE CASTAMAR,EDUARDO MENDOZA,-9788408206347
,EDUARDO MENDOZA,
EL JUEGO DEL ÁNGEL,EDUARDO MENDOZA,-9788408095477
LECTURA FÁCIL,EDURNE PORTELA,-9788433939937
LA VIDA A RATOS,ELIA BARCELO,-9788420434827
TODAS LAS ALMAS,ELIA BARCELO,-9788420490717
LAS GUERRAS DE NUESTROS ANTEPASADOS,ELISA LEVI,-9788423345458
ORDESA,ELLA MAISE,-9788420431833
LAS TRES BODAS DE MANOLITA,ELMER MENDOZA,-9788483838365
EL FRANCOTIRADOR PACIENTE,ELOY MORENO,-9788420407012
DESDE EL OTRO LADO,ELOY MORENO,-9788420461311
UN TAL CANGREJO,ELOY MORENO,-9788418342998
LOS SECRETOS DE LA BIBLIOTECA DE LA QUINTA AVENIDA,ELOY MORENO,-9788467067385
LA VIDA ME PROVOCA,ELOY MORENO,-9788466672627
DE BESTIAS Y AVES,ELVIRA LINDO,-9788419075802
CÓMETE EL MUNDO Y DIME A QUÉ SABE,ELVIRA LINDO,-9788418976353
LA NIÑA DE RUSIA,ELVIRA NAVARRO,-9788466672603
LA PARTIDA FINAL,EMILIA PARDO BAZAN,-9788408264446
ÉRASE UN SUEÑO,ENRIQUE VILA MATAS,-9788419139931
RECUÉRDAME POR QUÉ TE QUIERO,ESPIDO FREIRE,-9788491292265
MONTEVIDEO,EVA GARCIA SAENZ DE URTURI,-9788432241178
LA BAJAMAR,FELIPE BENITEZ REYES,-9788439739944
EL VALLE DE LOS ARCÁNGELES,FERNANDO ARAMBURU,-9788467064919
ABSOLUCIÓN,FERNANDO J. MUÑEZ,-9788483836323
LA VIDA IBA EN SERIO,FERNANDO NAVARRO,-9788408036111
JUEGOS DE LA EDAD TARDÍA,FIONA FERRER LEONI,-9788483836330
LA CAJA DE LOS SUEÑOS ROTOS,FLAVIA COMPANY,-9788411559515
EL CORAZÓN DEL TÁRTARO,GEORGE ORWELL,-9788420412627
LA HIJA DEL CANÍBAL,GEORGINA HIGUERAS,-9788420412610
VENTO FERIDO,GONZALO GINER,-9788498659078
LOS JUBILADOS LOS CARGA EL DIABLO,GUILLERMO AGUIRRE,-9788413987934
EL LUNES NOS QUERRÁN,GUILLERMO FESSER,-9788423359073
ÚLTIMO VERANO DE JUVENTUD,HARUKI MURAKAMI,-9788408146322
NOMEOLVIDES,HARUKI MURAKAMI,-9788408147299
CUENTOS PARA ENTENDER EL MUNDO,HOLMEDO,-9788413141503
EL MENSAJE DE PANDORA,IGNACIO MARTINEZ DE PISON,-9788408232261
VINO Y PÓLVORA,IGNACIO MARTINEZ DE PISON,-9788409202102
CATEDRALES,IGNACIO PAJON LEYRA,-9789877387155
GUILLEM,IGNACIO RAMON MARTIN VEGA,-9788416743988
TODO ARDE,IGNACIO RAMON MARTIN VEGA,-9788420438733
LA CIUDAD DE VAPOR,INES MARTIN RODRIGO,-9788408236795
LA CIUDAD AUTOMÁTICA,INMA CHACON,-9788418086090
LAS MARAVILLAS,INMA CHACON,-9788433941886
LA TIENDA DE LA FELICIDAD,ISAAC ROSA,-9788420454894
LO QUE ENCONTRÉ BAJO EL SOFÁ,ISABEL SAN SEBASTIAN,-9788466668675
EL CRIMEN DE ASUNTA,ISABEL SAN SEBASTIAN,-9788490602393
LAS PRIMAS,JACOBO BERGARECHE MENDOZA,-9789876706391
LOS COMPASES DEL TIEMPO,JAUME CABRE,-9788418945373
LA SONRISA ETRUSCA,JAVIER ALANDES,-9788466336406
LO CONTARÁN LAS OLAS,JAVIER ARIAS ARTACHO,-9788419361363
DECIR ADIÓS NO ES OLVIDARTE,JAVIER CERCAS,-9788466673273
LA VIDA SECRETA DE SYLVIA NOLAN,JAVIER GOMEZ SANTANDER,-9788423362585
EN EL OTOÑO DE SUS VIDAS,JAVIER MARIAS,-9788419485090
FELIZ DÍA DE AÑO NUEVO,JAVIER MARIAS,-9788411554251
UN ELEFANTE BAJO EL PARASOL BLANCO,JAVIER MARIAS,-9788401029622
DÍAS GRISES CON CIELO AZUL,JAVIER MARIAS,-9788401025969
NUBOSIDAD VARIABLE,JAVIER MARIAS,-9788433938022
LA TABLA DE FLANDES,JAVIER MARIAS,-9788420498928
EL DISPUTADO VOTO DEL SEÑOR CAYO,JAVIER MARIAS,-9788423328147
LA RIDÍCULA IDEA DE NO VOLVER A VERTE,JAVIER MARIAS,-9788432215803
SEÑORA DE ROJO SOBRE FONDO GRIS,JAVIER MARIAS,-9788423328505
EL CLUB DUMAS,JAVIER MARIAS,-9788420499260
LA MUJER DEL DIPLOMÁTICO,JAVIER MORO,-9788401343544
EL PRISIONERO DE ZENDA,JAVIER REVERTE,-9781524314446
LA EDAD DE LA IRA (NUEVA PRESENTACIÓN),JAVIER SIERRA,-9788467036763
EL CAMINO,JAVIER SIERRA,-9788423354689
OPERA MAGNA,JERONIMO TRISTANTE,-9788415828914
LAS VIUDAS DE LOS JUEVES,JERRY TONER,-9789870433552
EL BALCÓN EN INVIERNO,JESSICA GOMEZ,-9788483839423
UN HIJO,JESUS CARRASCO,-9788424655624
A FLOR DE PIEL,JORDI A. JAUSET,-9788432224980
SUEÑO DE UNA NOCHE DE TEATRO,JORDI SIERRA I FABRA,-9788466669832
"HOY CAVIAR, MAÑANA SARDINAS",JORGE BROWN GONZALEZ,-9788408110170
HISTORIA DE UNA MAESTRA,JORGE JAVIER VAZQUEZ,-9788420490601
LOS ENAMORAMIENTOS,JORGE JAVIER VAZQUEZ,-9788420494722
LA CUEVA DEL CÍCLOPE,JOSE LUIS OLAIZOLA,-9788420454788
FLORES PARA ARIANA,JOSE LUIS SAMPEDRO,-9788408250586
ESTACIONES DE PASO,JOSE LUIS SAMPEDRO,-9788483837177
TU NOMBRE DESPUÉS DE LA LLUVIA (DREAMING SPIRES 1),JOSE LUIS SAMPEDRO,-9788426400697
SIN NOTICIAS DE GURB - GUÍA DE LECTURA,JOSE OSUNA,-9788432221491
LAS LARGAS SOMBRAS,JOSEFINA R. ALDECOA,-9788417167417
LUGAR SEGURO,JOSEP MARIA DE SAGARRA,-9788432240621
MALAVENTURA,JOSU DIAMOND,-9788418668517
NADA IMPORTANTE,JOSU DIAMOND,-9788418870729
CUENTOS AFILADOS EN NOCHES EXTRAÑAS Y OTRAS PUÑALADAS,JOTA LINARES,-9788408256373
LA DAMA DE PANAMÁ,JUAN DEL VAL,-9788411320207
MARCELO,JUAN JOSE MILLAS,-9788418945274
EL PAZO DE LOURIZÁN,JUAN JOSE MILLAS,-9788418976278
DOS COPAS EN SITGES (TRILOGÍA UN CÓCTEL EN CHUECA 2),JUAN JOSE MILLAS,-9788466672245
AMIGO,JUAN MANUEL DE PRADA,-9788423361120
SUEÑO,JUAN MARSE,-9788408264620
LA ESCALA SOCIAL,JUAN MARSE,-9788419392046
EL SILENCIO HECHO PALABRA,JUAN MARSE,-9788411454438
LOS HOMBRES DE FEDERICO,JUAN TALLON,-9788419466068
PROLETARIA CONSENTIDA,JULIA NAVARRO,-9788417417536
LA ARAÑA NEGRA (ANNOTATED),JULIA NAVARRO,-9791221372403
TOLSTÓI HA MUERTO,JULIA NAVARRO,-9788432241345
TODOS LOS NOMBRES DE HELENA,JULIA NAVARRO,-9788423362189
EL DÍA QUE ME VAYA NO SE LO DIRÉ A NADIE,JULIA NAVARRO,-9788433945938
ESCENAS DE CINE MUDO,JULIO CAMBA,-9788437644578
LAS PALABRAS JUSTAS,JULIO CAMBA,-9788433946058
LA CAJA DE LOS MIEDOS. PREMIO MONT MARÇAL 2022,JULIO CAMBA,-9788419283276
CUENTOS PARA ENTENDER EL MUNDO 2 (EDICIÓN ILUSTRADA CON CONTENIDO EXTRA),LAURA FERNANDEZ,-9788418050244
LA NIÑA SANTA,LEON TOLSTOI,-9788491897385
SI NO ME ESCUCHAS,LOLA FERNANDEZ PAZOS,-9788419367860
LAS DAMAS DE LA TELARAÑA,LOLA P. NIEVA,-9788435048743
BUEN LADRÓN,LORENZO SILVA,-9788491897170
LA BIBLIOTECA DE FUEGO,LORENZO SILVA,-9788408257868
CUANDO ÉRAMOS AYER,LUCIA CHACON,-9788408256731
EL CIELO SOBRE CANFRANC,LUIS CHACON DE LA TORRE,-9788408257875
LOS GUARDIANES DEL  PRADO,LUIS LANDERO,-9788467066173
LA NOVELA POSIBLE,LUIS LANDERO,-9788420456249
RELATOS DE HISTORIAS DE SAN VALENTÍN,LUIS LANDERO,-9788411373340
LA FRONTERA LLEVA SU NOMBRE,LUIS LANDERO,-9788425361234
EL TIEMPO ENTRE COSTURAS Y SIRA (PACK),LUIS MATEO DIEZ,-9788408251460
LA VIDA A VECES,LUIS MATEO DIEZ,-9788467018721
EL MAL DE MONTANO,LUZ GABAS,-9788432214639
¿DE QUÉ COLOR ES TU PARACAÍDAS?,LUZ GABAS,-9780882722504
LA VIDA EN EL MONTE,LUZ GABAS,-9788411559652
LA FUENTE DE LA EDAD,LUZ GABAS,-9788420425849
LO ÚLTIMO QUE VERÁN TUS OJOS,LUZ GABAS,-9788401018138
LAS VOCALES MALDITAS,MANUEL CHAVES NOGALES,-9786073109567
EL RELOJ DEL MUNDO (FLASH RELATOS),MANUEL JABOIS,-9788415597056
INSTRUCCIONES PARA SALVAR EL MUNDO,MANUEL LONGARES,-9788420498720
LA CIUDAD DE LOS PRODIGIOS,MANUEL MORA MORALES,-9788432291432
LA PALOMA DE RAVENSBRÜCK,MANUEL VICENT,-9788499184920
EL SECRETO NAZI,MANUEL VICENT,-9788499483962
TU ROSTRO MAÑANA,MANUEL VILAS,-9788420408675
LA ESCALA DE LOS MAPAS,MANUEL VILAS,-9788499899466
MISIÓN OLVIDO,MARIA DUEÑAS,-9788499981970
ENTERRAR A LOS MUERTOS,MARIA DUEÑAS,-9788432214448
1Q84. LIBRO 3,MARIA DUEÑAS,-9788483836255
EL DÍA DE MAÑANA,MARIA DUEÑAS,-9788432214417
UNA TIENDA EN PARÍS,MARIA LUISA BOMBAL,-9788427039278
1Q84. LIBROS 1 Y 2,MARIA MONTESINOS,-9788483836262
CHICO BIZARRO Y LAS MOSCAS,MARIA ORUÑA,-9789996761805
MARINA (EDICIÓ EN CATALÀ),MARIA REIG,-9788466421904
EL POZO,MARIA ZARAGOZA,-9788423359769
LOS NOMBRES PROPIOS,MARIO MENDOZA,-9788418342394
EL CRIMEN DEL VENDEDOR DE TRICOTOSAS,MARTA BARRIO,-9788408146063
CARTAS EN FLORENCIA,MARTA JIMENEZ SERRANO,-9788461535163
DE CAP LLOC,MARTA ORRIOLS BALAGUER,-9788418033162
LA ESTILISTA. UNA NOVELA SOBRE EL MUNDO DE LA MODA,MARTI GIRONELL,-9788413841304
LOS DÍAS PERFECTOS,MARTI GIRONELL,-9788417977726
CUENTOS PARA ENTENDER EL MUNDO (EDICIÓN ILUSTRADA CON CONTENIDO EXTRA),MARTI GIRONELL,-9788417605940
LOS DIQUES,MAXIM HUERTA,-9788433942593
EL MAESTRO DE ALCOBA,MAXIM HUERTA,-9788413863375
NADIE SABRÁ DE MÍ,MAXIM HUERTA,-9788418709425
ELLA ENTRÓ POR LA VENTANA DEL BAÑO,MAXIM HUERTA,-9786073195430
FLORES DE FERRO,MERCEDES GUERRERO,-9788491515692
CON ESTO Y UN BIZCOCHO,MIGUEL DELIBES,-9788418184321
HOMBRE AL AGUA,MIGUEL DELIBES,-9788401025754
ENE BAITAN BIZI DA,MIGUEL DELIBES,-9788413600154
LA TERNERA,MIGUEL DELIBES,-9788433942180
SUMAY,MILENA BUSQUETS,-9788413853529
EL LIBRO DE AISHA,MONICA GUTIERREZ,-9786073198585
SECRETOS DE LUZ,MONTSE BARDERI,-9786124290619
REGRESO A PARÍS,MURASAKI SHIKIBU,-9788418128349
LA PIEL FRÍA,NAJAT EL HACHMI,-9788420419947
MI COLOR FAVORITO ES VERTE + NOMEOLVIDES (PACK),NANDO LOPEZ,-9788408147619
EL SECRETO DE LA MODELO EXTRAVIADA,NATALIA CARRERO,-9788432225741
NO ME DEJES (NE ME QUITTE PAS),NATALIA JUNQUERA,-9788467046083
LOS CAPRICHOS DE LA SUERTE,NURIA BARRIOS,-9788467046380
ENTRE LOS ROTOS,NURIA BARRIOS,-9786073186155
UN DESTINO PROPIO,PACO ARENAS,-9788466667098
UN HIPSTER EN LA ESPAÑA VACÍA,PALOMA DIAZ MAS,-9788439737582
CUENTOS PARA ENTENDER EL MUNDO 3,PALOMA SAN BASILIO,-9788413141541
MISERICORDIA,PALOMA SANCHEZ GARNICA,-9788413620213
QUERER A ADAM CONNOR,PALOMA SANCHEZ GARNICA,-9788417683924
LA NIÑA Y EL LOBO,PEDRO CLAROS,-9788413633503
EL PADRE DE BLANCANIEVES,PEDRO SIMON,-9788466355315
LO QUE NO BORRÓ EL DESIERTO,PEDRO ZARRALUKI,-9789584287441
LA FORASTERA,PERE CALDERS,-9788420438467
OBABAKOAK,PERE ESTUPINYA,-9788420454528
REWIND,PIEDAD BONNETT,-9788433941268
POSTALES DEL ESTE,PILAR CERNUDA,-9788401023828
AVA EN LA NOCHE,PILAR EYRE,-9788420435640
LA OTRA ISLA,PILAR EYRE,-9788467059687
SEGUIRÉ TUS PASOS,PILAR EYRE,-9788423357420
LA CASA DEL AZÚCAR,PILAR EYRE,-9788466667838
LOS ÚLTIMOS ROMÁNTICOS,PIO BAROJA,-9788432236693
"BIENVENIDO MAL, SI VIENES SOLO",POL GUASCH,-9789584283153
EN LA TIERRA DE LOS PRIMEROS BESOS,RAFAEL CHIRBES,-9788418014420
LOS REHENES DE LA NOSTALGIA,RAFAEL CHIRBES,-9788412049466
"SI NOS ENSEÑARAN A PERDER, GANARÍAMOS SIEMPRE",RAFAEL CHIRBES,-9788425358265
NASDROVIA,RAFAEL NAVARRO DE CASTRO,-9788491649281
LA LIBRERÍA DEL SEÑOR LIVINGSTONE,RAFAEL REIG,-9788466668620
PAULA X Y EL ÚLTIMO POLICÍA DE CORAZÓN PURO,RAFAEL REIG,-9788418512216
DULCE INTRODUCCIÓN AL CAOS,RAY LORIGA,-9788426407856
UNA PASIÓN ESCRITA,REYES MONFORTE,-9788466668729
LA VIDA EN UN MINUTO,RICARDO SILVA ROMERO,-9788466668026
DESENCAJADA,RISTO MEJIDE,-9788417417260
ESPAÑA DE MIERDA,ROBERT MUSIL,-9788416306053
FELICIDADE,RODRIGO MUÑOZ AVIA,-9789897841484
INVASIÓN,RODRIGO MUÑOZ AVIA,-9788415934943
HARU,ROSA MONTERO,-9788416673094
LAS REGLAS DEL SOLDADO DE CRISTO,ROSA MONTERO,-9788411557870
EL VALLE DE LAS SOMBRAS,ROSA MONTERO,-9788491896692
LA CONGREGACIÓN DE LA GRANADA,ROSA MONTERO,-9788411314985
HOTEL LA PAZ,ROSA MONTERO,-9788418720918
LOS DESIERTOS POR HABITAR,ROSA MONTERO,-9788417403478
PACK LA CUENTA ATRÁS PARA EL VERANO + CONTANDO ATARDECERES,ROSA MONTERO,-9788448032173
MIS DELITOS COMO ANIMAL DE COMPAÑÍA,ROSARIO RARO,-9788419075949
CUANDO DEJAMOS DE SER JÓVENES,SAMUEL PARRA GIL,-9788419361424
EL SECRETO DE NISHA,SANDRA BARNEDA,-9788411557856
LAS DUQUELAS,SANDRA BARNEDA,-9788478989584
DESDE LA SOMBRA,SARA MESA,-9788420475318
OBRAS COMPLETAS DE M. LUISA BOMBAL TOMO 2 LA AMORTAJADA,SARA MESA,-9789561229075
TODO ALATRISTE,SARA TORRES,-9788420425528
VISADO AL PARAÍSO,SERGIO SARRIA,-9788491269328
UNA TEORÍA ATREVIDA,SILVIA SOLER,-9788416681686
EL AMANTE LESBIANO,SOLEDAD PUERTOLAS,-9788466336468
LA CARNE,SUSANA MARTIN GIJON,-9788420426211
LEER A COMENIO,TXANI RODRIGUEZ,-9789501294170
CUANDO LOS REPUBLICANOS LIBERARON PARÍS,VANESSA MONTFORT,-9788416616862
RENACIMIENTO,VICENTE BLASCO IBAÑEZ,-9788494351594
FALCÓ (SERIE FALCÓ),VICTORIA ALVAREZ,-9788420428949
SUPERA TUS LÍMITES. CÓMO CONVERTIR TUS MIEDOS EN ALIADOS EBOOK,VIRGINIA FEITO,-9788494311406
ESCRIBIR HUMOR ES FÁCIL. TÉCNICAS PROFESIONALES PARA ESCRIBIR HUMOR.,WILLIAM HAZLITT,-9788493898366
MEMORIA PEDAGÓGICA DE PROTECCIÓN Y SEGURIDAD,XAVIER BOSCH,-9781326621063
